player_id,name,pos,dob,year,team,g,pa,hr,r,rbi,sb,avg,normal_hr,normal_r,normal_rbi,normal_sb,z_hr,z_r,z_rbi,z_sb,z_avg,value,rank
10155,Mike Trout,OF,8/7/1991,2014,Steamer,146,684,27,119,83,33,0.308,0.039,0.174,0.121,0.048,1.388,1.983,0.731,2.245,2.812,6.265,1
1744,Miguel Cabrera,1B/3B,4/18/1983,2014,Steamer,148,661,37,106,117,3,0.325,0.056,0.160,0.177,0.005,2.584,1.643,2.104,-0.602,3.651,6.201,2
7287,Carlos Gonzalez,OF,10/17/1985,2014,Steamer,130,579,28,87,91,19,0.297,0.048,0.150,0.157,0.033,2.032,1.391,1.615,1.240,2.269,4.949,3
9218,Paul Goldschmidt,1B,9/10/1987,2014,Steamer,148,661,32,96,99,13,0.289,0.048,0.145,0.150,0.020,2.036,1.266,1.432,0.384,1.874,4.622,4
9847,Andrew McCutchen,OF,10/10/1986,2014,Steamer,143,637,23,89,86,20,0.3,0.036,0.140,0.135,0.031,1.144,1.128,1.068,1.148,2.417,4.399,5
14225,Yasiel Puig,OF,12/7/1990,2014,Steamer,148,618,26,79,84,20,0.29,0.042,0.128,0.136,0.032,1.577,0.832,1.090,1.211,1.923,4.099,6
3410,Ryan Braun,OF,11/17/1983,2014,Steamer,126,564,25,78,80,16,0.293,0.044,0.138,0.142,0.028,1.740,1.093,1.237,0.951,2.071,4.000,7
3531,Troy Tulowitzki,SS,10/10/1984,2014,Steamer,138,600,28,84,97,3,0.3,0.047,0.140,0.162,0.005,1.910,1.135,1.726,-0.571,2.417,3.970,8
4949,Giancarlo Stanton,OF,11/8/1989,2014,Steamer,126,564,36,82,90,4,0.272,0.064,0.145,0.160,0.007,3.153,1.270,1.674,-0.435,1.035,3.777,9
639,Adrian Beltre,3B,4/7/1979,2014,Steamer,146,635,28,85,101,1,0.296,0.044,0.134,0.159,0.002,1.723,0.982,1.661,-0.795,2.220,3.678,10
2151,Edwin Encarnacion,3B,1/7/1983,2014,Steamer,148,644,33,91,100,6,0.271,0.051,0.141,0.155,0.009,2.241,1.168,1.568,-0.290,0.985,3.653,11
1177,Albert Pujols,1B,1/16/1980,2014,Steamer,138,615,30,87,97,4,0.282,0.049,0.141,0.158,0.007,2.063,1.172,1.628,-0.474,1.528,3.640,12
9272,Chris Davis,1B,3/17/1986,2014,Steamer,146,613,37,85,96,4,0.266,0.060,0.139,0.157,0.007,2.902,1.102,1.601,-0.472,0.738,3.599,13
10199,Billy Hamilton,OF,9/9/1990,2014,Steamer,135,564,6,55,47,69,0.249,0.011,0.098,0.083,0.122,-0.701,0.075,-0.207,7.071,-0.101,3.461,14
1887,Jose Bautista,3B/OF,10/19/1980,2014,Steamer,130,574,33,85,91,6,0.262,0.057,0.148,0.159,0.010,2.694,1.337,1.648,-0.216,0.541,3.446,15
4727,Jacoby Ellsbury,OF,9/11/1983,2014,Steamer,146,662,15,86,68,35,0.276,0.023,0.130,0.103,0.053,0.170,0.884,0.271,2.547,1.232,3.378,16
4613,Prince Fielder,1B,5/9/1984,2014,Steamer,146,635,27,90,97,1,0.286,0.043,0.142,0.153,0.002,1.609,1.179,1.506,-0.795,1.726,3.318,17
6368,Adam Jones,OF,8/1/1985,2014,Steamer,143,620,27,78,91,10,0.278,0.044,0.126,0.147,0.016,1.684,0.781,1.358,0.153,1.331,3.291,18
4314,Joey Votto,1B,9/10/1983,2014,Steamer,138,615,23,86,79,5,0.296,0.037,0.140,0.128,0.008,1.238,1.131,0.906,-0.368,2.220,3.153,19
3473,Anthony Rizzo,1B,8/8/1989,2014,Steamer,148,661,31,88,94,7,0.268,0.047,0.133,0.142,0.011,1.926,0.964,1.246,-0.207,0.837,3.150,20
3516,Eric Hosmer,1B,10/24/1989,2014,Steamer,148,661,21,84,90,11,0.288,0.032,0.127,0.136,0.017,0.830,0.813,1.096,0.187,1.825,3.140,21
9166,Buster Posey,C,3/27/1987,2014,Steamer,146,635,21,81,90,2,0.304,0.033,0.128,0.142,0.003,0.924,0.825,1.234,-0.692,2.615,3.115,22
8002,Wilin Rosario,C,2/23/1989,2014,Steamer,130,521,28,65,83,5,0.278,0.054,0.125,0.159,0.010,2.422,0.755,1.667,-0.272,1.331,3.076,23
3269,Robinson Cano,2B,10/22/1982,2014,Steamer,146,635,23,83,90,4,0.292,0.036,0.131,0.142,0.006,1.153,0.904,1.234,-0.487,2.022,3.064,24
5361,Freddie Freeman,1B,9/12/1989,2014,Steamer,130,579,24,79,81,2,0.293,0.041,0.136,0.140,0.003,1.532,1.047,1.188,-0.672,2.071,2.991,25
1908,Adrian Gonzalez,1B,5/8/1982,2014,Steamer,148,645,25,80,94,1,0.292,0.039,0.124,0.146,0.002,1.337,0.737,1.333,-0.796,2.022,2.988,26
745,David Ortiz,DH,11/18/1975,2014,Steamer,130,564,24,80,85,2,0.285,0.043,0.142,0.151,0.004,1.611,1.181,1.455,-0.666,1.676,2.966,27
3174,Shin-Soo Choo,OF,7/13/1982,2014,Steamer,143,668,18,101,65,19,0.279,0.027,0.151,0.097,0.028,0.480,1.415,0.137,0.955,1.380,2.918,28
5933,Jean Segura,SS,3/17/1990,2014,Steamer,138,630,11,78,57,34,0.281,0.017,0.124,0.090,0.054,-0.207,0.731,-0.031,2.618,1.479,2.892,29
1873,Matt Holliday,OF,1/15/1980,2014,Steamer,138,615,22,83,83,4,0.291,0.036,0.135,0.135,0.007,1.120,1.010,1.067,-0.474,1.973,2.888,30
8001,Hanley Ramirez,SS,12/23/1983,2014,Steamer,130,564,20,70,74,15,0.279,0.035,0.124,0.131,0.027,1.098,0.739,0.974,0.835,1.380,2.835,31
3787,David Wright,3B,12/20/1982,2014,Steamer,130,572,18,72,73,13,0.289,0.031,0.126,0.128,0.023,0.808,0.783,0.886,0.583,1.874,2.822,32
1736,Jose Reyes,SS,6/11/1983,2014,Steamer,138,625,11,82,66,23,0.29,0.018,0.131,0.106,0.037,-0.197,0.916,0.342,1.500,1.923,2.803,33
4881,Carlos Gomez,OF,12/4/1985,2014,Steamer,146,587,20,63,72,31,0.254,0.034,0.107,0.123,0.053,0.997,0.320,0.763,2.543,0.146,2.799,34
9241,Starling Marte,OF,10/9/1988,2014,Steamer,113,532,12,72,48,30,0.277,0.023,0.135,0.090,0.056,0.162,1.019,-0.037,2.776,1.282,2.767,35
9368,Evan Longoria,3B,10/7/1985,2014,Steamer,148,645,30,86,97,2,0.264,0.047,0.133,0.150,0.003,1.898,0.969,1.447,-0.695,0.640,2.747,36
11579,Bryce Harper,OF,10/16/1992,2014,Steamer,125,557,22,73,74,13,0.271,0.039,0.131,0.133,0.023,1.390,0.912,1.015,0.623,0.985,2.743,37
5417,Jose Altuve,2B,5/6/1990,2014,Steamer,143,668,9,85,56,31,0.288,0.013,0.127,0.084,0.046,-0.496,0.817,-0.195,2.126,1.825,2.723,38
5222,Justin Upton,OF,8/25/1987,2014,Steamer,122,548,23,77,69,9,0.276,0.042,0.141,0.126,0.016,1.569,1.148,0.843,0.173,1.232,2.721,39
1534,Michael Cuddyer,OF,3/27/1979,2014,Steamer,138,584,21,75,82,8,0.281,0.036,0.128,0.140,0.014,1.134,0.847,1.201,-0.005,1.479,2.719,40
5631,Matt Kemp,OF,9/23/1984,2014,Steamer,127,567,22,72,75,13,0.271,0.039,0.127,0.132,0.023,1.340,0.811,1.000,0.596,0.985,2.683,41
4940,Jason Heyward,OF,8/9/1989,2014,Steamer,126,588,23,87,64,12,0.271,0.039,0.148,0.109,0.020,1.362,1.334,0.422,0.432,0.985,2.667,42
5409,Pablo Sandoval,3B,8/11/1986,2014,Steamer,146,651,22,84,88,2,0.289,0.034,0.129,0.135,0.003,0.977,0.862,1.072,-0.697,1.874,2.661,43
7399,Billy Butler,1B/DH,4/18/1986,2014,Steamer,148,645,20,83,89,1,0.293,0.031,0.129,0.138,0.002,0.775,0.853,1.141,-0.796,2.071,2.609,44
3433,Allen Craig,1B/OF,7/18/1984,2014,Steamer,130,567,19,69,81,2,0.298,0.034,0.122,0.143,0.004,0.956,0.679,1.262,-0.667,2.318,2.578,45
5247,Brett Lawrie,3B,1/18/1990,2014,Steamer,138,605,19,80,71,14,0.274,0.031,0.132,0.117,0.023,0.804,0.942,0.632,0.610,1.133,2.493,46
2090,Alex Rios,OF,2/18/1981,2014,Steamer,138,580,16,67,71,22,0.268,0.028,0.116,0.122,0.038,0.527,0.525,0.757,1.573,0.837,2.447,47
8252,Hunter Pence,OF,4/13/1983,2014,Steamer,148,628,21,75,84,10,0.274,0.033,0.119,0.134,0.016,0.951,0.622,1.037,0.140,1.133,2.439,48
9892,Jay Bruce,OF,4/3/1987,2014,Steamer,133,564,28,72,83,6,0.255,0.050,0.128,0.147,0.011,2.125,0.828,1.368,-0.204,0.195,2.432,49
8610,Kendrys Morales,1B/DH,6/20/1983,2014,Steamer,146,651,26,82,89,1,0.275,0.040,0.126,0.137,0.002,1.422,0.785,1.110,-0.797,1.183,2.410,50
11846,Leonys Martin,OF,3/6/1988,2014,Steamer,130,493,10,60,53,29,0.267,0.020,0.122,0.108,0.059,-0.002,0.679,0.389,2.934,0.788,2.360,51
6195,Ian Kinsler,2B,6/22/1982,2014,Steamer,146,684,19,97,69,19,0.262,0.028,0.142,0.101,0.028,0.541,1.181,0.226,0.912,0.541,2.326,52
1572,Coco Crisp,OF,11/1/1979,2014,Steamer,130,608,15,83,57,26,0.261,0.025,0.137,0.094,0.043,0.316,1.048,0.050,1.888,0.492,2.306,53
9776,Jason Kipnis,2B,4/3/1987,2014,Steamer,138,630,16,85,67,22,0.262,0.025,0.135,0.106,0.035,0.368,1.009,0.361,1.377,0.541,2.303,54
3154,Domonic Brown,OF,9/3/1987,2014,Steamer,146,593,23,66,78,9,0.272,0.039,0.111,0.132,0.015,1.338,0.419,0.982,0.091,1.035,2.292,55
8370,Dustin Pedroia,2B,8/17/1983,2014,Steamer,138,614,12,80,71,13,0.288,0.020,0.130,0.116,0.021,-0.056,0.893,0.590,0.482,1.825,2.292,56
1875,Josh Hamilton,OF,5/21/1981,2014,Steamer,138,600,24,76,88,4,0.263,0.040,0.127,0.147,0.007,1.426,0.803,1.356,-0.463,0.590,2.227,57
13110,Yoenis Cespedes,OF,10/18/1985,2014,Steamer,122,529,22,66,77,8,0.261,0.042,0.125,0.146,0.015,1.542,0.755,1.328,0.088,0.492,2.224,58
3708,Rajai Davis,OF,10/19/1980,2014,Steamer,97,418,6,51,40,35,0.258,0.014,0.122,0.096,0.084,-0.432,0.687,0.098,4.557,0.343,2.195,59
13075,Norichika Aoki,OF,1/5/1982,2014,Steamer,130,608,7,82,51,19,0.296,0.012,0.135,0.084,0.031,-0.638,1.007,-0.194,1.138,2.220,2.148,60
589,Carlos Beltran,OF,4/24/1977,2014,Steamer,122,516,20,65,71,4,0.277,0.039,0.126,0.138,0.008,1.337,0.785,1.132,-0.392,1.282,2.138,61
10047,Wil Myers,OF,12/10/1990,2014,Steamer,146,597,22,75,77,9,0.263,0.037,0.126,0.129,0.015,1.198,0.777,0.919,0.085,0.590,2.131,62
9393,Matt Adams,1B,8/31/1988,2014,Steamer,127,527,24,63,74,3,0.269,0.046,0.120,0.140,0.006,1.828,0.625,1.201,-0.526,0.887,2.116,63
5209,Alex Gordon,3B/OF,2/10/1984,2014,Steamer,146,684,18,96,68,11,0.274,0.026,0.140,0.099,0.016,0.435,1.144,0.189,0.150,1.133,2.088,64
8155,Everth Cabrera,SS,11/17/1986,2014,Steamer,148,694,6,84,45,49,0.253,0.009,0.121,0.065,0.071,-0.846,0.662,-0.664,3.702,0.097,2.048,65
8027,Adam Lind,1B/DH/OF,7/17/1983,2014,Steamer,138,587,24,74,82,2,0.265,0.041,0.126,0.140,0.003,1.491,0.788,1.183,-0.675,0.689,2.040,66
11205,Adam Eaton,OF,12/6/1988,2014,Steamer,138,636,10,81,56,23,0.278,0.016,0.127,0.088,0.036,-0.333,0.820,-0.091,1.458,1.331,2.026,67
6104,Aaron Hill,2B,3/21/1982,2014,Steamer,148,651,20,81,76,9,0.271,0.031,0.124,0.117,0.014,0.754,0.747,0.617,0.003,0.985,2.022,68
393,Victor Martinez,C,12/23/1978,2014,Steamer,138,584,15,72,75,2,0.293,0.026,0.123,0.128,0.003,0.389,0.718,0.905,-0.674,2.071,1.992,69
1857,Joe Mauer,C,4/19/1983,2014,Steamer,146,651,14,79,76,3,0.297,0.022,0.121,0.117,0.005,0.086,0.670,0.617,-0.597,2.269,1.983,70
5038,Josh Donaldson,3B,12/8/1985,2014,Steamer,146,596,21,72,77,5,0.271,0.035,0.121,0.129,0.008,1.081,0.657,0.924,-0.351,0.985,1.965,71
7002,Will Middlebrooks,3B,9/9/1988,2014,Steamer,122,504,22,62,71,5,0.261,0.044,0.123,0.141,0.010,1.691,0.712,1.213,-0.251,0.492,1.943,72
6876,Mark Trumbo,1B/OF,1/16/1986,2014,Steamer,132,560,27,70,82,4,0.246,0.048,0.125,0.146,0.007,2.022,0.761,1.350,-0.432,-0.249,1.933,73
4220,Ryan Zimmerman,3B,9/28/1984,2014,Steamer,122,529,20,63,73,3,0.274,0.038,0.119,0.138,0.006,1.268,0.614,1.142,-0.528,1.133,1.919,74
4062,Dexter Fowler,OF,3/22/1986,2014,Steamer,126,592,12,88,51,18,0.27,0.020,0.149,0.086,0.030,-0.003,1.351,-0.138,1.083,0.936,1.912,75
11200,Kole Calhoun,OF,10/14/1987,2014,Steamer,122,498,15,63,62,10,0.273,0.030,0.127,0.124,0.020,0.711,0.799,0.808,0.411,1.084,1.899,76
3312,Martin Prado,2B/3B/OF,10/27/1983,2014,Steamer,148,678,14,89,67,7,0.289,0.021,0.131,0.099,0.010,0.024,0.918,0.175,-0.225,1.874,1.875,77
1677,Shane Victorino,OF,11/30/1980,2014,Steamer,113,500,11,64,57,16,0.272,0.022,0.128,0.114,0.032,0.122,0.836,0.549,1.187,1.035,1.865,78
2434,Nelson Cruz,OF,7/1/1980,2014,Steamer,130,540,24,63,75,6,0.254,0.044,0.117,0.139,0.011,1.749,0.553,1.164,-0.173,0.146,1.856,79
8709,Elvis Andrus,SS,8/26/1988,2014,Steamer,146,668,5,82,57,30,0.274,0.007,0.123,0.085,0.045,-0.930,0.705,-0.158,2.028,1.133,1.856,80
1002,Aramis Ramirez,3B,6/25/1978,2014,Steamer,122,527,20,63,71,3,0.273,0.038,0.120,0.135,0.006,1.278,0.625,1.061,-0.526,1.084,1.856,81
211,Will Venable,OF,10/29/1982,2014,Steamer,122,556,16,71,56,21,0.253,0.029,0.128,0.101,0.038,0.613,0.828,0.222,1.563,0.097,1.847,82
2918,Angel Pagan,OF,7/2/1981,2014,Steamer,122,570,8,76,47,20,0.282,0.014,0.133,0.082,0.035,-0.455,0.969,-0.229,1.388,1.528,1.825,83
10816,Jedd Gyorko,2B,9/23/1988,2014,Steamer,146,619,24,70,83,4,0.262,0.039,0.113,0.134,0.006,1.337,0.464,1.045,-0.476,0.541,1.802,84
3035,Michael Morse,OF,3/22/1982,2014,Steamer,142,618,25,74,87,1,0.259,0.040,0.120,0.141,0.002,1.459,0.630,1.210,-0.792,0.393,1.792,85
7304,Salvador Perez,C,5/10/1990,2014,Steamer,130,550,15,65,72,1,0.291,0.027,0.118,0.131,0.002,0.504,0.591,0.967,-0.779,1.973,1.791,86
1327,Jayson Werth,OF,5/20/1979,2014,Steamer,110,504,17,70,54,7,0.273,0.034,0.139,0.107,0.014,0.972,1.108,0.380,0.007,1.084,1.790,87
4810,Brian McCann,C,2/20/1984,2014,Steamer,130,564,24,71,80,2,0.255,0.043,0.126,0.142,0.004,1.611,0.783,1.237,-0.666,0.195,1.782,88
9848,Austin Jackson,OF,2/1/1987,2014,Steamer,138,646,13,90,60,13,0.275,0.020,0.139,0.093,0.020,-0.014,1.118,0.028,0.414,1.183,1.763,89
1201,Carl Crawford,OF,8/5/1981,2014,Steamer,122,570,12,74,49,18,0.274,0.021,0.130,0.086,0.032,0.053,0.882,-0.142,1.160,1.133,1.759,90
731,Torii Hunter,OF,7/18/1975,2014,Steamer,138,630,17,83,72,4,0.277,0.027,0.132,0.114,0.006,0.483,0.929,0.556,-0.484,1.282,1.743,91
4599,Nick Swisher,1B/OF,11/25/1980,2014,Steamer,148,645,24,82,87,2,0.255,0.037,0.127,0.135,0.003,1.224,0.814,1.065,-0.695,0.195,1.679,92
5760,Avisail Garcia,OF,6/12/1991,2014,Steamer,130,550,14,60,66,10,0.278,0.025,0.109,0.120,0.018,0.372,0.364,0.697,0.287,1.331,1.679,93
10264,Brandon Belt,1B,4/20/1988,2014,Steamer,130,521,15,59,65,7,0.278,0.029,0.113,0.125,0.013,0.614,0.468,0.815,-0.022,1.331,1.670,94
9911,Chris Carter,1B/OF,12/18/1986,2014,Steamer,131,572,29,73,83,2,0.235,0.051,0.128,0.145,0.003,2.202,0.827,1.317,-0.669,-0.792,1.650,95
2495,Pedro Alvarez,3B,2/6/1987,2014,Steamer,138,569,29,67,79,2,0.243,0.051,0.118,0.139,0.004,2.221,0.580,1.162,-0.668,-0.397,1.649,96
4022,Melky Cabrera,OF,8/11/1984,2014,Steamer,122,539,11,64,64,8,0.285,0.020,0.119,0.119,0.015,0.007,0.605,0.666,0.070,1.676,1.630,97
6885,Ian Desmond,SS,9/20/1985,2014,Steamer,130,536,15,55,62,15,0.266,0.028,0.103,0.116,0.028,0.556,0.203,0.591,0.926,0.738,1.615,98
1281,Mark Teixeira,1B,4/11/1980,2014,Steamer,113,488,23,63,68,3,0.247,0.047,0.129,0.139,0.006,1.943,0.863,1.175,-0.497,-0.200,1.603,99
1965,Desmond Jennings,OF,10/30/1986,2014,Steamer,138,624,15,80,60,23,0.247,0.024,0.128,0.096,0.037,0.270,0.841,0.109,1.504,-0.200,1.575,100
10762,Corey Dickerson,OF,5/22/1989,2014,Steamer,88,366,11,45,47,8,0.28,0.030,0.123,0.128,0.022,0.706,0.710,0.905,0.527,1.430,1.565,101
4712,Ben Revere,OF,5/3/1988,2014,Steamer,113,532,2,60,33,30,0.284,0.004,0.113,0.062,0.056,-1.200,0.456,-0.733,2.776,1.627,1.557,102
6387,Michael Bourn,OF,12/27/1982,2014,Steamer,138,646,6,82,48,32,0.26,0.009,0.127,0.074,0.050,-0.799,0.809,-0.430,2.329,0.442,1.519,103
9927,Brett Gardner,OF,8/24/1983,2014,Steamer,146,581,8,68,54,26,0.26,0.014,0.117,0.093,0.045,-0.474,0.563,0.030,2.018,0.442,1.498,104
1737,Justin Morneau,1B,5/15/1981,2014,Steamer,113,484,16,59,65,1,0.275,0.033,0.122,0.134,0.002,0.923,0.684,1.050,-0.763,1.183,1.490,105
8090,Matt Carpenter,2B/3B,11/26/1985,2014,Steamer,130,593,10,82,57,4,0.291,0.017,0.138,0.096,0.007,-0.250,1.093,0.108,-0.458,1.973,1.462,106
5133,Alexei Ramirez,SS,9/22/1981,2014,Steamer,138,630,10,72,60,19,0.271,0.016,0.114,0.095,0.030,-0.322,0.494,0.086,1.067,0.985,1.456,107
8553,Gerardo Parra,OF,5/6/1987,2014,Steamer,127,596,10,78,49,15,0.277,0.017,0.131,0.082,0.025,-0.256,0.908,-0.235,0.742,1.282,1.454,108
10071,Jonathan Villar,SS,5/2/1991,2014,Steamer,122,507,9,54,49,30,0.243,0.018,0.107,0.097,0.059,-0.186,0.300,0.121,2.957,-0.397,1.417,109
4579,Starlin Castro,SS,3/24/1990,2014,Steamer,138,630,11,76,57,14,0.277,0.017,0.121,0.090,0.022,-0.207,0.652,-0.031,0.550,1.282,1.415,110
7870,Jonathan Lucroy,C,6/13/1986,2014,Steamer,117,496,14,56,61,5,0.277,0.028,0.113,0.123,0.010,0.573,0.459,0.771,-0.241,1.282,1.411,111
11167,Josh Rutledge,2B/SS,4/21/1989,2014,Steamer,80,365,9,50,39,8,0.283,0.025,0.137,0.107,0.022,0.315,1.060,0.373,0.530,1.578,1.407,112
9893,Colby Rasmus,OF,8/11/1986,2014,Steamer,122,530,22,69,68,3,0.248,0.042,0.130,0.128,0.006,1.536,0.891,0.902,-0.528,-0.150,1.405,113
3353,Matt Joyce,OF,8/3/1984,2014,Steamer,122,521,19,65,66,7,0.249,0.036,0.125,0.127,0.013,1.171,0.755,0.862,-0.022,-0.101,1.388,114
1679,Chase Utley,2B,12/17/1978,2014,Steamer,122,543,16,64,64,8,0.263,0.029,0.118,0.118,0.015,0.663,0.583,0.645,0.062,0.590,1.381,115
7007,Yadier Molina,C,7/13/1982,2014,Steamer,109,449,11,48,53,4,0.293,0.024,0.107,0.118,0.009,0.303,0.310,0.649,-0.317,2.071,1.354,116
11003,Evan Gattis,C/OF,8/18/1986,2014,Steamer,105,439,20,52,59,2,0.255,0.046,0.118,0.134,0.005,1.829,0.598,1.053,-0.600,0.195,1.350,117
9777,Nolan Arenado,3B,4/16/1991,2014,Steamer,148,579,16,62,71,3,0.277,0.028,0.107,0.123,0.005,0.530,0.314,0.762,-0.560,1.282,1.348,118
12775,Brad Miller,SS,10/18/1989,2014,Steamer,138,564,13,65,62,11,0.268,0.023,0.115,0.110,0.020,0.198,0.518,0.449,0.373,0.837,1.340,119
4229,Howie Kendrick,2B,7/12/1983,2014,Steamer,146,603,13,65,67,9,0.276,0.022,0.108,0.111,0.015,0.090,0.332,0.478,0.075,1.232,1.331,120
1760,Cody Ross,OF,12/23/1980,2014,Steamer,136,564,18,61,69,5,0.266,0.032,0.108,0.122,0.009,0.841,0.341,0.755,-0.320,0.738,1.328,121
7435,Ben Zobrist,2B/OF,5/26/1981,2014,Steamer,139,610,14,75,70,9,0.264,0.023,0.123,0.115,0.015,0.191,0.710,0.568,0.064,0.640,1.325,122
10306,Oswaldo Arcia,OF,5/9/1991,2014,Steamer,122,489,18,56,62,4,0.261,0.037,0.115,0.127,0.008,1.195,0.500,0.865,-0.364,0.492,1.314,123
6035,David Murphy,OF,10/18/1981,2014,Steamer,130,546,15,63,65,7,0.266,0.027,0.115,0.119,0.013,0.519,0.521,0.674,-0.062,0.738,1.305,124
4082,Erick Aybar,SS,1/14/1984,2014,Steamer,138,630,8,77,61,15,0.274,0.013,0.122,0.097,0.024,-0.552,0.692,0.126,0.654,1.133,1.293,125
847,Alfonso Soriano,2B/OF,1/7/1976,2014,Steamer,105,454,19,53,62,8,0.238,0.042,0.117,0.137,0.018,1.561,0.555,1.106,0.251,-0.644,1.284,126
3086,Mitch Moreland,1B,9/6/1985,2014,Steamer,130,513,20,61,66,3,0.253,0.039,0.119,0.129,0.006,1.353,0.609,0.911,-0.516,0.097,1.259,127
2396,Carlos Santana,C,4/8/1986,2014,Steamer,146,619,20,79,76,4,0.252,0.032,0.128,0.123,0.006,0.869,0.827,0.766,-0.476,0.047,1.258,128
2830,Travis Snider,OF,2/2/1988,2014,Steamer,130,594,17,76,60,9,0.258,0.029,0.128,0.101,0.015,0.602,0.835,0.229,0.090,0.343,1.246,129
3057,Mike Napoli,C/1B,10/31/1981,2014,Steamer,113,462,20,61,61,2,0.245,0.043,0.132,0.132,0.004,1.665,0.937,0.994,-0.615,-0.298,1.239,130
1609,Omar Infante,2B,12/26/1981,2014,Steamer,113,481,7,55,52,6,0.295,0.015,0.114,0.108,0.012,-0.418,0.495,0.404,-0.085,2.170,1.235,131
4672,Junior Lake,OF,3/27/1990,2014,Steamer,122,507,12,51,52,18,0.258,0.024,0.101,0.103,0.036,0.243,0.152,0.267,1.415,0.343,1.227,132
5305,Alex Presley,OF,7/25/1985,2014,Steamer,113,532,10,67,46,15,0.267,0.019,0.126,0.086,0.028,-0.110,0.785,-0.130,0.939,0.788,1.208,133
9112,Khris Davis,OF,12/21/1987,2014,Steamer,112,466,17,53,55,7,0.255,0.036,0.114,0.118,0.015,1.171,0.480,0.649,0.081,0.195,1.201,134
9785,Kyle Seager,3B,11/3/1987,2014,Steamer,146,598,17,66,68,8,0.261,0.028,0.110,0.114,0.013,0.588,0.396,0.542,-0.026,0.492,1.191,135
4747,Curtis Granderson,OF,3/16/1981,2014,Steamer,131,574,24,70,67,11,0.228,0.042,0.122,0.117,0.019,1.558,0.685,0.617,0.351,-1.138,1.190,136
4467,Brandon Moss,1B/OF,9/16/1983,2014,Steamer,105,435,20,52,58,3,0.244,0.046,0.120,0.133,0.007,1.860,0.625,1.026,-0.448,-0.348,1.181,137
7539,Neil Walker,2B,9/10/1985,2014,Steamer,122,516,13,59,63,4,0.272,0.025,0.114,0.122,0.008,0.353,0.495,0.749,-0.392,1.035,1.156,138
3917,Dayan Viciedo,OF,3/10/1989,2014,Steamer,81,353,14,42,50,1,0.266,0.040,0.119,0.142,0.003,1.402,0.611,1.232,-0.713,0.738,1.154,139
443,Juan Pierre,OF,8/14/1977,2014,Steamer,97,456,3,53,30,25,0.27,0.007,0.116,0.066,0.055,-0.996,0.542,-0.640,2.674,0.936,1.147,140
3892,Josh Reddick,OF,2/19/1987,2014,Steamer,118,512,20,60,66,7,0.239,0.039,0.117,0.129,0.014,1.359,0.566,0.917,-0.007,-0.595,1.147,141
3371,Alejandro De Aza,OF,4/11/1984,2014,Steamer,97,456,9,58,39,15,0.264,0.020,0.127,0.086,0.033,-0.042,0.816,-0.153,1.245,0.640,1.143,142
2154,Ryan Howard,1B,11/19/1979,2014,Steamer,113,494,22,57,67,1,0.245,0.045,0.115,0.136,0.002,1.755,0.521,1.083,-0.765,-0.298,1.134,143
5930,Nick Markakis,OF,11/17/1983,2014,Steamer,138,621,13,76,64,3,0.279,0.021,0.122,0.103,0.005,0.045,0.696,0.279,-0.582,1.380,1.129,144
9874,DJ LeMahieu,2B,7/13/1988,2014,Steamer,120,488,4,48,47,15,0.289,0.008,0.098,0.096,0.031,-0.878,0.097,0.113,1.105,1.874,1.127,145
12161,Xander Bogaerts,3B/SS,10/1/1992,2014,Steamer,138,564,14,66,65,8,0.261,0.025,0.117,0.115,0.014,0.327,0.562,0.580,0.027,0.492,1.121,146
1433,Wilson Ramos,C,8/10/1987,2014,Steamer,105,424,16,45,55,2,0.266,0.038,0.106,0.130,0.005,1.262,0.290,0.937,-0.590,0.738,1.119,147
3797,J.J. Hardy,SS,8/19/1982,2014,Steamer,144,648,22,78,75,2,0.255,0.034,0.120,0.116,0.003,0.988,0.646,0.592,-0.696,0.195,1.118,148
6201,Nate Schierholtz,OF,2/15/1984,2014,Steamer,117,508,16,55,65,6,0.256,0.031,0.108,0.128,0.012,0.810,0.344,0.894,-0.128,0.245,1.100,149
4962,Asdrubal Cabrera,SS,11/13/1985,2014,Steamer,113,507,13,58,61,8,0.259,0.026,0.114,0.120,0.016,0.386,0.497,0.705,0.131,0.393,1.070,150
8434,Brett Wallace,1B,8/26/1986,2014,Steamer,141,612,21,70,77,2,0.252,0.034,0.114,0.126,0.003,1.014,0.496,0.841,-0.684,0.047,1.049,151
12984,Jackie Bradley,OF,4/19/1990,2014,Steamer,130,531,11,63,57,13,0.256,0.021,0.119,0.107,0.024,0.029,0.603,0.385,0.697,0.245,1.040,152
791,Brandon Phillips,2B,6/28/1981,2014,Steamer,134,586,15,60,70,6,0.266,0.026,0.102,0.119,0.010,0.383,0.197,0.684,-0.230,0.738,1.038,153
4106,Michael Brantley,OF,5/15/1987,2014,Steamer,122,502,8,53,51,11,0.278,0.016,0.106,0.102,0.022,-0.317,0.277,0.243,0.530,1.331,1.036,154
1191,Chris Johnson,3B,10/1/1984,2014,Steamer,138,554,14,55,65,2,0.279,0.025,0.099,0.117,0.004,0.359,0.119,0.632,-0.662,1.380,1.013,155
11493,Manny Machado,3B,7/6/1992,2014,Steamer,105,423,11,48,48,7,0.267,0.026,0.113,0.113,0.017,0.412,0.474,0.536,0.181,0.788,1.011,156
2411,Jose Tabata,OF,8/12/1988,2014,Steamer,120,550,8,69,48,11,0.275,0.015,0.125,0.087,0.020,-0.418,0.773,-0.110,0.406,1.183,1.008,157
9549,David Freese,3B,4/28/1983,2014,Steamer,122,489,13,55,57,3,0.272,0.027,0.112,0.117,0.006,0.454,0.449,0.613,-0.498,1.035,1.004,158
4316,Daniel Murphy,1B/2B,4/1/1985,2014,Steamer,122,505,8,49,54,10,0.28,0.016,0.097,0.107,0.020,-0.324,0.063,0.375,0.393,1.430,0.978,159
6274,Carlos Quentin,OF,8/28/1982,2014,Steamer,113,507,20,62,64,1,0.246,0.039,0.122,0.126,0.002,1.386,0.694,0.851,-0.769,-0.249,0.970,160
9077,Lorenzo Cain,OF,4/13/1986,2014,Steamer,122,475,8,52,50,13,0.265,0.017,0.109,0.105,0.027,-0.252,0.374,0.334,0.885,0.689,0.964,161
6978,Juan Francisco,1B/3B,6/24/1987,2014,Steamer,125,511,23,56,65,3,0.238,0.045,0.110,0.127,0.006,1.790,0.377,0.875,-0.515,-0.644,0.962,162
6265,Andre Ethier,OF,4/10/1982,2014,Steamer,104,444,12,51,54,3,0.269,0.027,0.115,0.122,0.007,0.486,0.508,0.737,-0.457,0.887,0.960,163
1904,Adam LaRoche,1B,11/6/1979,2014,Steamer,122,516,19,61,66,2,0.247,0.037,0.118,0.128,0.004,1.196,0.592,0.893,-0.645,-0.200,0.948,164
9205,Logan Morrison,1B/OF,8/25/1987,2014,Steamer,130,564,18,68,72,2,0.25,0.032,0.121,0.128,0.004,0.841,0.651,0.886,-0.666,-0.052,0.936,165
4892,Mike Moustakas,3B,9/11/1988,2014,Steamer,122,502,16,56,60,4,0.257,0.032,0.112,0.120,0.008,0.837,0.426,0.686,-0.378,0.294,0.936,166
319,Adam Dunn,1B/OF,11/9/1979,2014,Steamer,130,579,29,73,78,2,0.216,0.050,0.126,0.135,0.003,2.157,0.788,1.061,-0.672,-1.730,0.929,167
7571,Lonnie Chisenhall,3B,10/4/1988,2014,Steamer,113,456,15,51,57,3,0.257,0.033,0.112,0.125,0.007,0.912,0.433,0.821,-0.469,0.294,0.908,168
9328,Drew Stubbs,OF,10/4/1984,2014,Steamer,67,298,8,37,31,11,0.251,0.027,0.124,0.104,0.037,0.473,0.740,0.303,1.507,-0.002,0.900,169
4720,Chase Headley,3B,5/9/1984,2014,Steamer,146,642,16,71,69,10,0.254,0.025,0.111,0.107,0.016,0.334,0.402,0.388,0.117,0.146,0.891,170
2103,Josh Willingham,OF,2/17/1979,2014,Steamer,138,600,24,74,78,2,0.232,0.040,0.123,0.130,0.003,1.426,0.720,0.944,-0.680,-0.940,0.882,171
4298,Matt Wieters,C,5/21/1986,2014,Steamer,122,516,18,60,64,2,0.249,0.035,0.116,0.124,0.004,1.056,0.544,0.797,-0.645,-0.101,0.852,172
9256,A.J. Pollock,OF,12/5/1987,2014,Steamer,112,451,6,43,48,12,0.274,0.013,0.095,0.106,0.027,-0.508,0.021,0.363,0.836,1.133,0.832,173
11737,Nick Castellanos,OF,3/4/1992,2014,Steamer,130,531,12,60,60,5,0.265,0.023,0.113,0.113,0.009,0.165,0.462,0.525,-0.284,0.689,0.827,174
12532,Kolten Wong,2B,10/10/1990,2014,Steamer,114,474,7,48,47,13,0.269,0.015,0.101,0.099,0.027,-0.402,0.169,0.183,0.889,0.887,0.818,175
10847,Andrelton Simmons,SS,9/4/1989,2014,Steamer,138,571,12,60,57,9,0.267,0.021,0.105,0.100,0.016,0.051,0.264,0.200,0.129,0.788,0.817,176
785,Todd Frazier,3B,2/12/1986,2014,Steamer,118,489,17,52,59,6,0.245,0.035,0.106,0.121,0.012,1.047,0.296,0.714,-0.098,-0.298,0.812,177
9627,Yan Gomes,C,7/19/1987,2014,Steamer,105,412,13,48,51,2,0.259,0.032,0.117,0.124,0.005,0.814,0.549,0.791,-0.581,0.393,0.810,178
4903,Matt Dominguez,3B,8/28/1989,2014,Steamer,138,539,18,60,65,1,0.255,0.033,0.111,0.121,0.002,0.948,0.420,0.712,-0.776,0.195,0.808,179
1274,Alex Rodriguez,3B/SS,7/27/1975,2014,Steamer,105,461,15,53,56,6,0.244,0.033,0.115,0.121,0.013,0.886,0.511,0.734,-0.049,-0.348,0.799,180
10815,Jurickson Profar,2B,2/20/1993,2014,Steamer,146,570,12,66,58,14,0.248,0.021,0.116,0.102,0.025,0.053,0.531,0.247,0.703,-0.150,0.789,181
9981,Michael Saunders,OF,11/19/1986,2014,Steamer,131,611,16,78,56,18,0.231,0.026,0.128,0.092,0.029,0.425,0.828,-0.002,1.022,-0.990,0.784,182
7620,Justin Ruggiano,OF,4/12/1982,2014,Steamer,65,261,8,27,31,8,0.256,0.031,0.103,0.119,0.031,0.749,0.223,0.667,1.099,0.245,0.779,183
2218,Ryan Raburn,OF,4/17/1981,2014,Steamer,97,370,13,45,45,4,0.247,0.035,0.122,0.122,0.011,1.074,0.677,0.737,-0.193,-0.200,0.775,184
2530,Yonder Alonso,1B,4/8/1987,2014,Steamer,130,564,12,59,64,4,0.27,0.021,0.105,0.113,0.007,0.070,0.252,0.536,-0.435,0.936,0.767,185
6656,L.J. Hoes,OF,3/5/1990,2014,Steamer,105,484,6,58,39,13,0.27,0.012,0.120,0.081,0.027,-0.574,0.632,-0.275,0.852,0.936,0.760,186
7859,Charlie Blackmon,OF,7/1/1986,2014,Steamer,64,275,6,33,29,6,0.274,0.022,0.120,0.105,0.022,0.109,0.636,0.339,0.524,1.133,0.754,187
5450,Daniel Nava,OF,2/22/1983,2014,Steamer,113,492,10,62,51,3,0.27,0.020,0.126,0.104,0.006,0.001,0.787,0.294,-0.500,0.936,0.747,188
1845,Jonny Gomes,DH/OF,11/22/1980,2014,Steamer,89,386,14,49,47,2,0.246,0.036,0.127,0.122,0.005,1.156,0.810,0.741,-0.560,-0.249,0.733,189
3190,Nate McLouth,OF,10/28/1981,2014,Steamer,115,508,11,57,49,17,0.241,0.022,0.112,0.096,0.033,0.097,0.442,0.116,1.283,-0.496,0.733,190
14441,Henry Urrutia,DH,2/13/1987,2014,Steamer,102,426,8,47,45,3,0.282,0.019,0.110,0.106,0.007,-0.111,0.395,0.343,-0.438,1.528,0.731,191
4866,Jarrod Dyson,OF,8/15/1984,2014,Steamer,40,174,1,21,14,15,0.252,0.006,0.121,0.080,0.086,-1.056,0.654,-0.278,4.718,0.047,0.711,192
242,Paul Konerko,1B,3/5/1976,2014,Steamer,65,281,10,33,36,0,0.268,0.036,0.117,0.128,0.000,1.107,0.572,0.898,-0.897,0.837,0.707,193
1286,Michael Young,SS,10/19/1976,2014,Steamer,146,619,10,65,69,2,0.279,0.016,0.105,0.111,0.003,-0.302,0.262,0.487,-0.687,1.380,0.706,194
548,Lance Berkman,1B/OF,2/10/1976,2014,Steamer,105,470,14,58,54,2,0.253,0.030,0.123,0.115,0.004,0.686,0.721,0.571,-0.620,0.097,0.684,195
4418,Jed Lowrie,SS,4/17/1984,2014,Steamer,122,528,13,62,60,1,0.264,0.025,0.117,0.114,0.002,0.312,0.572,0.540,-0.774,0.640,0.681,196
4556,James Loney,1B,5/7/1984,2014,Steamer,128,530,11,57,58,3,0.271,0.021,0.108,0.109,0.006,0.032,0.326,0.437,-0.528,0.985,0.663,197
826,Derek Jeter,SS,6/26/1974,2014,Steamer,105,483,6,57,41,7,0.281,0.012,0.118,0.085,0.014,-0.572,0.587,-0.169,0.047,1.479,0.662,198
11997,Cody Asche,3B,6/30/1990,2014,Steamer,105,439,11,45,47,6,0.263,0.025,0.103,0.107,0.014,0.344,0.200,0.378,-0.007,0.590,0.661,199
7480,Mike Carp,1B/OF,6/30/1986,2014,Steamer,65,265,9,32,33,2,0.26,0.034,0.121,0.125,0.008,0.989,0.655,0.809,-0.406,0.442,0.660,200
1101,Ichiro Suzuki,OF,10/22/1973,2014,Steamer,65,282,3,30,27,9,0.28,0.011,0.106,0.096,0.032,-0.701,0.297,0.099,1.182,1.430,0.650,201
4054,Emilio Bonifacio,2B/OF,4/23/1985,2014,Steamer,65,246,1,27,21,16,0.255,0.004,0.110,0.085,0.065,-1.178,0.381,-0.157,3.339,0.195,0.635,202
7619,Mark Reynolds,1B/3B,8/3/1983,2014,Steamer,97,400,18,47,51,3,0.225,0.045,0.118,0.128,0.008,1.789,0.574,0.883,-0.409,-1.286,0.620,203
7215,David Lough,OF,1/20/1986,2014,Steamer,117,469,8,46,48,10,0.265,0.017,0.098,0.102,0.021,-0.236,0.090,0.262,0.492,0.689,0.608,204
3364,Miguel Montero,C,7/9/1983,2014,Steamer,138,600,16,66,71,1,0.257,0.027,0.110,0.118,0.002,0.460,0.387,0.656,-0.789,0.294,0.605,205
2578,Peter Bourjos,OF,3/31/1987,2014,Steamer,122,486,10,51,52,10,0.254,0.021,0.105,0.107,0.021,0.019,0.261,0.377,0.443,0.146,0.605,206
1555,Marco Scutaro,2B/SS,10/30/1975,2014,Steamer,130,593,6,72,50,4,0.286,0.010,0.121,0.084,0.007,-0.739,0.672,-0.183,-0.458,1.726,0.603,207
5223,Cameron Maybin,OF,4/4/1987,2014,Steamer,81,326,7,31,33,13,0.247,0.021,0.095,0.101,0.040,0.084,0.015,0.234,1.700,-0.200,0.598,208
8722,Jason Castro,C,6/18/1987,2014,Steamer,138,601,17,68,69,3,0.25,0.028,0.113,0.115,0.005,0.578,0.465,0.569,-0.572,-0.052,0.594,209
7462,Trevor Plouffe,3B,6/15/1986,2014,Steamer,138,569,20,61,66,3,0.243,0.035,0.107,0.116,0.005,1.075,0.317,0.599,-0.554,-0.397,0.592,210
7158,Eric Young,OF,5/25/1985,2014,Steamer,63,280,2,30,20,18,0.249,0.007,0.107,0.071,0.064,-0.955,0.316,-0.501,3.290,-0.101,0.574,211
9810,Brian Dozier,2B/SS,5/15/1987,2014,Steamer,130,593,13,69,57,13,0.244,0.022,0.116,0.096,0.022,0.116,0.546,0.108,0.531,-0.348,0.565,212
8433,Ike Davis,1B,3/22/1987,2014,Steamer,97,391,16,43,48,2,0.238,0.041,0.110,0.123,0.005,1.493,0.386,0.766,-0.564,-0.644,0.562,213
5015,B.J. Upton,OF,8/21/1984,2014,Steamer,102,430,13,45,48,14,0.223,0.030,0.105,0.112,0.033,0.719,0.253,0.491,1.224,-1.385,0.560,214
9957,Steve Pearce,1B/OF,4/13/1983,2014,Steamer,83,343,10,41,39,3,0.254,0.029,0.120,0.114,0.009,0.641,0.625,0.542,-0.327,0.146,0.558,215
6310,Alcides Escobar,SS,12/16/1986,2014,Steamer,130,593,5,67,52,18,0.258,0.008,0.113,0.088,0.030,-0.861,0.461,-0.100,1.080,0.343,0.548,216
3882,Chris Young,OF,9/5/1983,2014,Steamer,118,528,16,60,62,12,0.223,0.030,0.114,0.117,0.023,0.724,0.478,0.634,0.583,-1.385,0.546,217
7739,Travis d'Arnaud,C,2/10/1989,2014,Steamer,110,451,13,49,51,3,0.254,0.029,0.109,0.113,0.007,0.617,0.353,0.527,-0.464,0.146,0.532,218
13051,Chris Colabello,1B,10/24/1983,2014,Steamer,81,317,11,37,38,1,0.252,0.035,0.117,0.120,0.003,1.042,0.555,0.694,-0.692,0.047,0.522,219
3256,Welington Castillo,C,4/24/1987,2014,Steamer,100,426,13,47,50,1,0.255,0.031,0.110,0.117,0.002,0.739,0.395,0.633,-0.744,0.195,0.519,220
607,Raul Ibanez,OF,6/2/1972,2014,Steamer,113,468,16,54,57,2,0.24,0.034,0.115,0.122,0.004,1.005,0.521,0.742,-0.619,-0.545,0.517,221
4400,Chris Denorfia,OF,7/15/1980,2014,Steamer,78,351,7,40,32,6,0.267,0.020,0.114,0.091,0.017,-0.027,0.486,-0.014,0.216,0.788,0.508,222
2140,Delmon Young,OF,9/14/1985,2014,Steamer,81,341,10,36,42,1,0.261,0.029,0.106,0.123,0.003,0.653,0.276,0.776,-0.706,0.492,0.508,223
2113,Ryan Doumit,C,4/3/1981,2014,Steamer,148,628,17,69,73,1,0.253,0.027,0.110,0.116,0.002,0.489,0.384,0.605,-0.793,0.097,0.490,224
3361,Gaby Sanchez,1B,9/2/1983,2014,Steamer,124,538,14,59,63,2,0.254,0.026,0.110,0.117,0.004,0.414,0.379,0.626,-0.655,0.146,0.489,225
971,Jimmy Rollins,SS,11/27/1978,2014,Steamer,138,630,12,74,53,18,0.241,0.019,0.117,0.084,0.029,-0.092,0.573,-0.188,0.964,-0.496,0.480,226
9571,Craig Gentry,OF,11/29/1983,2014,Steamer,73,285,2,30,25,13,0.259,0.007,0.105,0.088,0.046,-0.964,0.269,-0.099,2.074,0.393,0.477,227
8347,Denard Span,OF,2/27/1984,2014,Steamer,130,608,5,71,42,17,0.266,0.008,0.117,0.069,0.028,-0.876,0.556,-0.559,0.924,0.738,0.476,228
12533,Marcus Semien,3B,9/17/1990,2014,Steamer,49,185,5,22,20,6,0.248,0.027,0.119,0.108,0.032,0.486,0.609,0.404,1.215,-0.150,0.474,229
1260,Ryan Ludwick,OF,7/13/1978,2014,Steamer,113,478,17,51,58,1,0.243,0.036,0.107,0.121,0.002,1.105,0.304,0.730,-0.761,-0.397,0.469,230
697,J.P. Arencibia,C,1/5/1986,2014,Steamer,81,328,15,38,43,2,0.222,0.046,0.116,0.131,0.006,1.842,0.533,0.971,-0.500,-1.434,0.463,231
11477,Christian Yelich,OF,12/5/1991,2014,Steamer,86,358,7,35,34,9,0.26,0.020,0.098,0.095,0.025,-0.055,0.082,0.080,0.740,0.442,0.461,232
2579,Carlos Ruiz,C,1/22/1979,2014,Steamer,105,432,9,43,46,2,0.274,0.021,0.100,0.106,0.005,0.037,0.126,0.364,-0.596,1.133,0.460,233
5227,Jon Jay,OF,3/15/1985,2014,Steamer,49,228,3,29,18,5,0.281,0.013,0.127,0.079,0.022,-0.519,0.816,-0.316,0.531,1.479,0.454,234
3118,Jesus Guzman,1B/OF,6/14/1984,2014,Steamer,65,275,7,31,32,3,0.259,0.025,0.113,0.116,0.011,0.372,0.455,0.608,-0.187,0.393,0.451,235
3978,Chris Heisey,OF,12/14/1984,2014,Steamer,50,231,8,28,24,3,0.25,0.035,0.121,0.104,0.013,1.037,0.667,0.300,-0.051,-0.052,0.439,236
10339,Scooter Gennett,2B,5/1/1990,2014,Steamer,101,420,6,40,40,7,0.275,0.014,0.095,0.095,0.017,-0.437,0.019,0.086,0.188,1.183,0.436,237
12434,Kevin Pillar,OF,1/4/1989,2014,Steamer,40,166,3,18,17,6,0.264,0.018,0.108,0.102,0.036,-0.163,0.348,0.263,1.457,0.640,0.423,238
6453,Andy Dirks,OF,1/24/1986,2014,Steamer,65,268,6,29,30,3,0.266,0.022,0.108,0.112,0.011,0.150,0.342,0.499,-0.168,0.738,0.418,239
1738,Jhonny Peralta,SS,5/28/1982,2014,Steamer,130,535,11,55,57,4,0.263,0.021,0.103,0.107,0.007,0.018,0.207,0.365,-0.410,0.590,0.412,240
9929,Darin Ruf,1B/OF,7/28/1986,2014,Steamer,91,378,13,40,43,1,0.25,0.034,0.106,0.114,0.003,1.020,0.283,0.543,-0.725,-0.052,0.404,241
5986,Mike Aviles,2B/SS,3/13/1981,2014,Steamer,57,239,5,26,25,6,0.255,0.021,0.109,0.105,0.025,0.044,0.357,0.317,0.738,0.195,0.395,242
629,Brandon Barnes,OF,5/15/1986,2014,Steamer,43,162,4,18,18,5,0.253,0.025,0.111,0.111,0.031,0.317,0.415,0.478,1.113,0.097,0.392,243
3179,Dioner Navarro,C,2/9/1984,2014,Steamer,89,367,10,42,41,2,0.253,0.027,0.114,0.112,0.005,0.502,0.498,0.493,-0.542,0.097,0.384,244
7927,Eric Sogard,2B,5/22/1986,2014,Steamer,73,277,3,31,26,8,0.263,0.011,0.112,0.094,0.029,-0.687,0.435,0.052,0.984,0.590,0.381,245
3298,Charlie Culberson,2B/OF,4/10/1989,2014,Steamer,26,110,3,12,13,3,0.271,0.027,0.109,0.118,0.027,0.504,0.364,0.653,0.879,0.985,0.372,246
5666,Devin Mesoraco,C,6/19/1988,2014,Steamer,118,473,15,48,53,3,0.246,0.032,0.101,0.112,0.006,0.826,0.174,0.501,-0.484,-0.249,0.363,247
2234,Kelly Johnson,2B,2/22/1982,2014,Steamer,89,385,12,44,41,7,0.231,0.031,0.114,0.106,0.018,0.786,0.494,0.364,0.287,-0.990,0.363,248
7476,Alex Avila,C,1/29/1987,2014,Steamer,105,424,12,49,49,2,0.246,0.028,0.116,0.116,0.005,0.579,0.526,0.588,-0.590,-0.249,0.362,249
950,Marlon Byrd,OF,8/30/1977,2014,Steamer,113,450,12,45,49,4,0.253,0.027,0.100,0.109,0.009,0.460,0.137,0.423,-0.318,0.097,0.360,250
2714,Garrett Jones,1B/OF,6/21/1981,2014,Steamer,122,533,18,55,64,2,0.239,0.034,0.103,0.120,0.004,0.975,0.217,0.699,-0.653,-0.595,0.343,251
746,A.J. Pierzynski,C,12/30/1976,2014,Steamer,81,320,7,34,37,1,0.266,0.022,0.106,0.116,0.003,0.113,0.293,0.589,-0.694,0.738,0.333,252
7577,Marc Krauss,DH/OF,10/5/1987,2014,Steamer,81,338,10,39,37,4,0.24,0.030,0.115,0.109,0.012,0.672,0.521,0.438,-0.126,-0.545,0.324,253
906,Eric Chavez,3B,12/7/1977,2014,Steamer,28,115,4,13,14,1,0.269,0.035,0.113,0.122,0.009,1.048,0.463,0.740,-0.331,0.887,0.323,254
8202,Josh Harrison,2B/3B,7/8/1987,2014,Steamer,44,188,2,20,18,6,0.268,0.011,0.106,0.096,0.032,-0.701,0.297,0.099,1.182,0.837,0.322,255
9015,Gordon Beckham,2B,9/16/1986,2014,Steamer,97,384,9,40,41,4,0.255,0.023,0.104,0.107,0.010,0.226,0.241,0.371,-0.219,0.195,0.313,256
6582,Nate Freiman,1B,12/31/1986,2014,Steamer,65,254,7,28,29,1,0.259,0.028,0.110,0.114,0.004,0.525,0.393,0.554,-0.641,0.393,0.311,257
9054,Justin Smoak,1B,12/5/1986,2014,Steamer,138,580,21,67,68,1,0.231,0.036,0.116,0.117,0.002,1.152,0.525,0.629,-0.785,-0.990,0.308,258
5486,Abraham Almonte,OF,6/27/1989,2014,Steamer,45,186,3,20,18,7,0.25,0.016,0.108,0.097,0.038,-0.303,0.325,0.124,1.554,-0.052,0.307,259
6867,Derek Norris,C,2/14/1989,2014,Steamer,81,335,11,37,37,5,0.232,0.033,0.110,0.110,0.015,0.907,0.398,0.462,0.075,-0.940,0.302,260
11376,Michael Choice,OF,11/10/1989,2014,Steamer,31,126,3,15,15,1,0.276,0.024,0.119,0.119,0.008,0.253,0.613,0.674,-0.380,1.232,0.301,261
6806,Josmil Pinto,C,3/31/1989,2014,Steamer,81,332,8,37,36,2,0.257,0.024,0.111,0.108,0.006,0.274,0.423,0.412,-0.505,0.294,0.298,262
6352,Ryan Sweeney,OF,2/20/1985,2014,Steamer,104,444,8,47,42,3,0.27,0.018,0.106,0.095,0.007,-0.167,0.284,0.071,-0.457,0.936,0.296,263
1825,David DeJesus,OF,12/20/1979,2014,Steamer,138,646,12,82,54,9,0.25,0.019,0.127,0.084,0.014,-0.126,0.809,-0.201,0.010,-0.052,0.285,264
7250,Collin Cowgill,OF,5/22/1986,2014,Steamer,40,172,4,20,18,4,0.249,0.023,0.116,0.105,0.023,0.213,0.544,0.319,0.618,-0.101,0.274,265
6677,J.B. Shuck,OF,6/18/1987,2014,Steamer,81,338,2,35,30,7,0.276,0.006,0.104,0.089,0.021,-1.043,0.226,-0.074,0.452,1.232,0.268,266
6050,Moises Sierra,OF,9/24/1988,2014,Steamer,57,233,6,25,26,4,0.245,0.026,0.107,0.112,0.017,0.394,0.319,0.490,0.221,-0.298,0.262,267
9591,Jeff Kobernus,OF,6/30/1988,2014,Steamer,31,128,1,11,10,8,0.257,0.008,0.086,0.078,0.063,-0.906,-0.213,-0.336,3.174,0.294,0.258,268
2881,Scott Sizemore,2B/3B,1/4/1985,2014,Steamer,49,199,4,22,21,4,0.254,0.020,0.111,0.106,0.020,-0.016,0.401,0.340,0.412,0.146,0.255,269
1771,Matt Diaz,OF,3/3/1978,2014,Steamer,49,200,4,20,21,3,0.266,0.020,0.100,0.105,0.015,-0.023,0.137,0.327,0.080,0.738,0.252,270
5097,Anthony Gose,OF,8/10/1990,2014,Steamer,40,162,2,18,14,9,0.233,0.012,0.111,0.086,0.056,-0.578,0.415,-0.131,2.721,-0.891,0.249,271
2505,Hank Conger,C,1/29/1988,2014,Steamer,97,389,10,44,43,3,0.245,0.026,0.113,0.111,0.008,0.391,0.465,0.464,-0.395,-0.298,0.243,272
5254,Robbie Grossman,OF,9/16/1989,2014,Steamer,100,419,6,44,38,12,0.247,0.014,0.105,0.091,0.029,-0.435,0.262,-0.026,0.968,-0.200,0.239,273
4704,Donnie Murphy,2B/3B/SS,3/10/1983,2014,Steamer,40,164,6,18,19,2,0.239,0.037,0.110,0.116,0.012,1.179,0.381,0.595,-0.103,-0.595,0.239,274
3751,Felix Pie,OF,2/8/1985,2014,Steamer,23,94,2,9,9,5,0.246,0.021,0.096,0.096,0.053,0.070,0.031,0.099,2.567,-0.249,0.237,275
9883,Jordan Schafer,OF,9/4/1986,2014,Steamer,78,350,4,37,25,20,0.225,0.011,0.106,0.071,0.057,-0.644,0.280,-0.501,2.825,-1.286,0.236,276
5386,Andrew Lambo,OF,8/11/1988,2014,Steamer,23,96,4,11,12,1,0.247,0.042,0.115,0.125,0.010,1.547,0.501,0.821,-0.219,-0.200,0.235,277
6547,Jordy Mercer,SS,8/27/1986,2014,Steamer,89,372,7,37,37,5,0.26,0.019,0.099,0.099,0.013,-0.109,0.124,0.191,-0.022,0.442,0.233,278
5422,Steve Lombardozzi,2B/OF,9/20/1988,2014,Steamer,49,218,2,25,20,4,0.272,0.009,0.115,0.092,0.018,-0.807,0.504,0.000,0.298,1.035,0.224,279
7244,Tyler Moore,1B/OF,1/30/1987,2014,Steamer,36,148,6,16,18,1,0.239,0.041,0.108,0.122,0.007,1.466,0.340,0.737,-0.457,-0.595,0.221,280
13510,Jose Ramirez,2B,9/17/1992,2014,Steamer,21,86,1,9,8,4,0.266,0.012,0.105,0.093,0.047,-0.630,0.253,0.032,2.132,0.738,0.217,281
4918,Engel Beltre,OF,11/1/1989,2014,Steamer,40,166,2,17,16,6,0.253,0.012,0.102,0.096,0.036,-0.599,0.198,0.115,1.457,0.097,0.210,282
11339,Jake Marisnick,OF,3/30/1991,2014,Steamer,105,431,8,40,40,14,0.239,0.019,0.093,0.093,0.032,-0.127,-0.042,0.026,1.219,-0.595,0.207,283
3441,Nolan Reimold,OF,10/12/1983,2014,Steamer,45,208,7,26,21,3,0.23,0.034,0.125,0.101,0.014,0.967,0.761,0.228,0.042,-1.039,0.199,284
4403,Erik Kratz,C,6/15/1980,2014,Steamer,73,298,10,34,35,1,0.236,0.034,0.114,0.117,0.003,0.960,0.489,0.635,-0.679,-0.743,0.197,285
10324,Marcell Ozuna,OF,11/12/1990,2014,Steamer,72,302,8,29,32,4,0.248,0.026,0.096,0.106,0.013,0.447,0.038,0.351,-0.034,-0.150,0.197,286
2677,Jordan Pacheco,1B/3B,1/30/1986,2014,Steamer,49,210,3,22,21,2,0.275,0.014,0.105,0.100,0.010,-0.437,0.256,0.204,-0.277,1.183,0.195,287
10030,Chris Owings,SS,8/12/1991,2014,Steamer,32,135,2,13,14,3,0.27,0.015,0.096,0.104,0.022,-0.399,0.045,0.295,0.550,0.936,0.193,288
1926,Scott Hairston,OF,5/25/1980,2014,Steamer,30,126,5,14,16,1,0.235,0.040,0.111,0.127,0.008,1.403,0.415,0.870,-0.380,-0.792,0.191,289
9308,Josh Phegley,C,2/12/1988,2014,Steamer,105,404,10,42,43,4,0.247,0.025,0.104,0.106,0.010,0.321,0.236,0.363,-0.252,-0.200,0.189,290
5371,Juan Perez,OF,11/13/1986,2014,Steamer,28,116,2,11,12,3,0.266,0.017,0.095,0.103,0.026,-0.223,0.008,0.289,0.787,0.738,0.186,291
10053,Grant Green,2B,9/27/1987,2014,Steamer,24,100,2,11,11,1,0.276,0.020,0.110,0.110,0.010,-0.023,0.387,0.451,-0.246,1.232,0.180,292
12861,Anthony Rendon,2B,6/6/1990,2014,Steamer,148,618,13,65,63,4,0.255,0.021,0.105,0.102,0.006,0.052,0.267,0.252,-0.476,0.195,0.179,293
8203,Dee Gordon,SS,4/22/1988,2014,Steamer,25,112,0,12,7,8,0.245,0.000,0.107,0.063,0.071,-1.472,0.316,-0.721,3.755,-0.298,0.177,294
9009,Conor Gillaspie,3B,7/18/1987,2014,Steamer,65,261,7,27,28,1,0.256,0.027,0.103,0.107,0.004,0.471,0.223,0.384,-0.648,0.245,0.176,295
6827,Justin Maxwell,OF,11/6/1983,2014,Steamer,32,138,4,16,15,3,0.234,0.029,0.116,0.109,0.022,0.628,0.535,0.418,0.519,-0.842,0.174,296
5481,Jimmy Paredes,3B/OF,11/25/1988,2014,Steamer,24,106,2,11,9,4,0.253,0.019,0.104,0.085,0.038,-0.105,0.232,-0.169,1.561,0.097,0.171,297
1849,Rickie Weeks,2B,9/13/1982,2014,Steamer,53,233,7,25,27,3,0.234,0.030,0.107,0.116,0.013,0.705,0.319,0.596,-0.059,-0.842,0.168,298
6732,Zoilo Almonte,OF,6/10/1989,2014,Steamer,13,53,2,6,6,1,0.262,0.038,0.113,0.113,0.019,1.262,0.467,0.530,0.332,0.541,0.166,299
49,Kyle Blanks,OF,9/11/1986,2014,Steamer,62,257,8,27,29,2,0.24,0.031,0.105,0.113,0.008,0.784,0.264,0.521,-0.390,-0.545,0.163,300
10166,Nick Franklin,2B,3/2/1991,2014,Steamer,50,206,5,23,21,4,0.24,0.024,0.112,0.102,0.019,0.287,0.428,0.252,0.368,-0.545,0.163,301
7316,Darin Mastroianni,OF,8/26/1985,2014,Steamer,49,208,2,21,17,10,0.239,0.010,0.101,0.082,0.048,-0.775,0.161,-0.247,2.234,-0.595,0.162,302
7226,Matt Davidson,3B,3/26/1991,2014,Steamer,65,270,9,30,31,1,0.237,0.033,0.111,0.115,0.004,0.943,0.415,0.569,-0.656,-0.693,0.156,303
1888,Chad Tracy,1B/3B,5/22/1980,2014,Steamer,32,135,4,14,16,1,0.251,0.030,0.104,0.119,0.007,0.675,0.230,0.661,-0.415,-0.002,0.155,304
6848,Eduardo Nunez,3B/SS,6/15/1987,2014,Steamer,24,97,1,10,9,4,0.257,0.010,0.103,0.093,0.041,-0.725,0.215,0.026,1.789,0.294,0.155,305
5000,Stephen Vogt,C,11/1/1984,2014,Steamer,49,194,5,21,21,1,0.255,0.026,0.108,0.108,0.005,0.395,0.343,0.407,-0.561,0.195,0.151,306
5278,Pedro Ciriaco,3B/SS,9/27/1985,2014,Steamer,24,103,1,11,9,4,0.259,0.010,0.107,0.087,0.039,-0.769,0.307,-0.108,1.632,0.393,0.150,307
5248,Alexi Casilla,2B,7/20/1984,2014,Steamer,57,228,2,22,19,11,0.239,0.009,0.096,0.083,0.048,-0.837,0.050,-0.207,2.245,-0.595,0.150,308
9345,Brock Holt,2B/3B,6/11/1988,2014,Steamer,28,123,1,14,10,3,0.275,0.008,0.114,0.081,0.024,-0.883,0.482,-0.258,0.691,1.183,0.150,309
10556,Cesar Hernandez,2B/OF,5/23/1990,2014,Steamer,24,101,1,9,8,4,0.271,0.010,0.089,0.079,0.040,-0.755,-0.134,-0.309,1.682,0.985,0.148,310
3390,John Mayberry,OF,12/21/1983,2014,Steamer,61,238,7,23,26,3,0.242,0.029,0.097,0.109,0.013,0.659,0.054,0.432,-0.076,-0.447,0.148,311
2073,Jeff Baker,2B,6/21/1981,2014,Steamer,49,202,5,21,22,2,0.251,0.025,0.104,0.109,0.010,0.321,0.236,0.424,-0.252,-0.002,0.147,312
5663,Neftali Soto,1B,2/28/1989,2014,Steamer,26,108,4,11,13,1,0.241,0.037,0.102,0.120,0.009,1.212,0.184,0.707,-0.294,-0.496,0.142,313
3707,Geovany Soto,C,1/20/1983,2014,Steamer,81,330,11,38,37,3,0.226,0.033,0.115,0.112,0.009,0.943,0.515,0.503,-0.305,-1.236,0.139,314
4964,Tony Campana,OF,5/30/1986,2014,Steamer,8,36,0,4,3,3,0.261,0.000,0.111,0.083,0.083,-1.472,0.415,-0.207,4.531,0.492,0.135,315
166,Brian Roberts,2B,10/9/1977,2014,Steamer,73,335,6,40,29,5,0.251,0.018,0.119,0.087,0.015,-0.174,0.622,-0.128,0.075,-0.002,0.131,316
2437,Maicer Izturis,2B/3B/SS,9/12/1980,2014,Steamer,110,468,6,50,43,8,0.257,0.013,0.107,0.092,0.017,-0.543,0.308,0.004,0.216,0.294,0.130,317
6740,Johnny Giavotella,2B,7/10/1987,2014,Steamer,16,66,1,8,7,1,0.276,0.015,0.121,0.106,0.015,-0.374,0.667,0.353,0.090,1.232,0.130,318
7995,Adron Chambers,OF,10/8/1986,2014,Steamer,36,150,2,15,14,4,0.258,0.013,0.100,0.093,0.027,-0.506,0.137,0.039,0.840,0.343,0.128,319
10299,Eury Perez,OF,5/30/1990,2014,Steamer,15,62,1,5,5,3,0.265,0.016,0.081,0.081,0.048,-0.303,-0.345,-0.274,2.255,0.689,0.125,320
6341,Luis Jimenez,3B,1/18/1988,2014,Steamer,8,33,1,4,4,1,0.263,0.030,0.121,0.121,0.030,0.724,0.667,0.727,1.077,0.590,0.125,321
6184,J.D. Martinez,OF,8/21/1987,2014,Steamer,21,96,2,12,10,1,0.259,0.021,0.125,0.104,0.010,0.037,0.761,0.307,-0.219,0.393,0.123,322
1638,Miguel Olivo,C,7/15/1978,2014,Steamer,32,134,5,13,16,2,0.228,0.037,0.097,0.119,0.015,1.232,0.063,0.683,0.075,-1.138,0.123,323
3837,Andrew Brown,OF,9/10/1984,2014,Steamer,30,126,4,13,15,1,0.243,0.032,0.103,0.119,0.008,0.828,0.217,0.674,-0.380,-0.397,0.119,324
6364,Danny Valencia,3B,9/19/1984,2014,Steamer,32,134,3,15,15,1,0.255,0.022,0.112,0.112,0.007,0.150,0.435,0.499,-0.411,0.195,0.116,325
10028,Christian Bethancourt,PH/PR,9/2/1991,2014,Steamer,25,104,2,10,10,3,0.252,0.019,0.096,0.096,0.029,-0.079,0.041,0.109,0.982,0.047,0.114,326
5496,Francisco Peguero,OF,6/1/1988,2014,Steamer,26,107,2,11,11,1,0.271,0.019,0.103,0.103,0.009,-0.118,0.207,0.273,-0.288,0.985,0.113,327
11038,Kevin Kiermaier,OF,4/22/1990,2014,Steamer,40,166,2,17,15,5,0.252,0.012,0.102,0.090,0.030,-0.599,0.198,-0.034,1.065,0.047,0.112,328
5002,Caleb Gindl,OF,8/31/1988,2014,Steamer,18,74,2,8,8,1,0.256,0.027,0.108,0.108,0.014,0.486,0.340,0.404,-0.017,0.245,0.108,329
4365,Scott Van Slyke,OF,7/24/1986,2014,Steamer,23,99,3,11,11,1,0.245,0.030,0.111,0.111,0.010,0.724,0.415,0.478,-0.239,-0.298,0.107,330
5053,Tony Abreu,2B/3B,11/13/1984,2014,Steamer,25,98,1,10,10,2,0.27,0.010,0.102,0.102,0.020,-0.733,0.188,0.254,0.432,0.936,0.106,331
4249,Shane Robinson,OF,10/30/1984,2014,Steamer,28,113,2,11,11,2,0.264,0.018,0.097,0.097,0.018,-0.190,0.071,0.138,0.256,0.640,0.103,332
5913,Leury Garcia,2B,3/18/1991,2014,Steamer,40,166,2,15,14,8,0.236,0.012,0.090,0.084,0.048,-0.599,-0.103,-0.183,2.242,-0.743,0.102,333
11368,Yasmani Grandal,C,11/8/1988,2014,Steamer,65,276,6,29,30,1,0.256,0.022,0.105,0.109,0.004,0.103,0.264,0.418,-0.661,0.245,0.102,334
2502,Lucas Duda,1B/OF,2/3/1986,2014,Steamer,76,322,10,35,37,1,0.237,0.031,0.109,0.115,0.003,0.778,0.354,0.572,-0.695,-0.693,0.102,335
1326,Vernon Wells,OF,12/8/1978,2014,Steamer,19,80,3,9,9,1,0.233,0.038,0.113,0.113,0.013,1.245,0.449,0.512,-0.083,-0.891,0.099,336
9461,Thomas Neal,OF,8/17/1987,2014,Steamer,16,66,1,7,7,1,0.274,0.015,0.106,0.106,0.015,-0.374,0.289,0.353,0.090,1.133,0.098,337
7888,Ryan Flaherty,2B,7/27/1986,2014,Steamer,91,365,11,39,39,4,0.232,0.030,0.107,0.107,0.011,0.712,0.308,0.373,-0.183,-0.940,0.098,338
5887,John Jaso,C,9/19/1983,2014,Steamer,97,445,8,57,41,4,0.248,0.018,0.128,0.092,0.009,-0.169,0.838,0.010,-0.312,-0.150,0.096,339
10059,Max Stassi,C/DH,3/15/1991,2014,Steamer,16,66,2,7,8,1,0.243,0.030,0.106,0.121,0.015,0.724,0.289,0.727,0.090,-0.397,0.095,340
6777,Tyler Pastornicky,SS,12/13/1989,2014,Steamer,54,221,3,21,20,4,0.264,0.014,0.095,0.090,0.018,-0.489,0.013,-0.031,0.282,0.640,0.092,341
9682,Adam Rosales,2B/3B/SS,5/20/1983,2014,Steamer,57,224,5,24,23,3,0.245,0.022,0.107,0.103,0.013,0.145,0.316,0.270,-0.025,-0.298,0.091,342
5212,Alfredo Marte,OF,3/31/1989,2014,Steamer,16,68,2,7,7,1,0.253,0.029,0.103,0.103,0.015,0.659,0.211,0.276,0.061,0.097,0.089,343
7945,Jaff Decker,OF,2/23/1990,2014,Steamer,8,34,1,4,4,1,0.243,0.029,0.118,0.118,0.029,0.659,0.578,0.639,1.019,-0.397,0.085,344
8175,Chris Nelson,3B,9/3/1985,2014,Steamer,89,368,8,36,38,4,0.25,0.022,0.098,0.103,0.011,0.103,0.083,0.284,-0.189,-0.052,0.085,345
11265,Jonathan Schoop,2B,10/16/1991,2014,Steamer,68,279,7,29,29,3,0.243,0.025,0.104,0.104,0.011,0.346,0.236,0.301,-0.197,-0.397,0.081,346
5928,Daric Barton,1B,8/16/1985,2014,Steamer,65,267,5,31,26,2,0.254,0.019,0.116,0.097,0.007,-0.115,0.539,0.139,-0.409,0.146,0.080,347
7331,Seth Smith,OF,9/30/1982,2014,Steamer,69,270,7,30,30,1,0.244,0.026,0.111,0.111,0.004,0.407,0.415,0.478,-0.656,-0.348,0.080,348
1573,Travis Hafner,DH,6/3/1977,2014,Steamer,49,206,7,22,24,1,0.232,0.034,0.107,0.117,0.005,0.990,0.307,0.611,-0.581,-0.940,0.080,349
7223,Alex Castellanos,OF,8/4/1986,2014,Steamer,8,34,1,4,4,1,0.239,0.029,0.118,0.118,0.029,0.659,0.578,0.639,1.019,-0.595,0.078,350
6898,Dave Sappelt,OF,1/2/1987,2014,Steamer,16,76,1,9,6,2,0.26,0.013,0.118,0.079,0.026,-0.519,0.597,-0.316,0.817,0.442,0.078,351
10593,Joey Terdoslavich,1B/OF,9/9/1988,2014,Steamer,31,128,3,13,14,1,0.254,0.023,0.102,0.109,0.008,0.226,0.176,0.435,-0.388,0.146,0.076,352
9187,Jordan Danks,OF,8/7/1986,2014,Steamer,32,133,3,14,13,3,0.239,0.023,0.105,0.098,0.023,0.162,0.269,0.148,0.572,-0.595,0.074,353
5497,Marwin Gonzalez,SS,3/14/1989,2014,Steamer,60,228,3,23,21,6,0.248,0.013,0.101,0.092,0.026,-0.519,0.159,0.009,0.817,-0.150,0.072,354
7423,Shane Peterson,1B,2/11/1988,2014,Steamer,8,33,1,4,3,1,0.244,0.030,0.121,0.091,0.030,0.724,0.667,-0.020,1.077,-0.348,0.069,355
3856,Jeff Keppinger,2B,4/21/1980,2014,Steamer,49,205,3,20,21,1,0.271,0.015,0.098,0.102,0.005,-0.412,0.077,0.264,-0.579,0.985,0.069,356
9312,Ryan Wheeler,1B/3B,7/10/1988,2014,Steamer,13,53,1,6,6,0,0.277,0.019,0.113,0.113,0.000,-0.105,0.467,0.530,-0.897,1.282,0.068,357
447,Melky Mesa,OF,1/31/1987,2014,Steamer,8,35,1,4,4,1,0.237,0.029,0.114,0.114,0.029,0.598,0.494,0.556,0.964,-0.693,0.067,358
2591,Michael Taylor,OF,12/19/1985,2014,Steamer,13,54,1,6,6,1,0.251,0.019,0.111,0.111,0.019,-0.130,0.415,0.478,0.309,-0.002,0.058,359
8587,Steve Susdorf,OF,3/28/1986,2014,Steamer,11,47,1,4,4,1,0.272,0.021,0.085,0.085,0.021,0.070,-0.234,-0.164,0.489,1.035,0.056,360
4464,Mike Baxter,OF,12/7/1984,2014,Steamer,31,137,2,15,14,3,0.244,0.015,0.109,0.102,0.022,-0.414,0.374,0.258,0.529,-0.348,0.055,361
5297,Aaron Hicks,OF,10/2/1989,2014,Steamer,32,133,3,14,13,4,0.226,0.023,0.105,0.098,0.030,0.162,0.269,0.148,1.062,-1.236,0.054,362
5098,Jordany Valdespin,2B/OF,12/23/1987,2014,Steamer,8,34,1,3,3,1,0.254,0.029,0.088,0.088,0.029,0.659,-0.156,-0.086,1.019,0.146,0.054,363
2498,Jemile Weeks,2B,1/26/1987,2014,Steamer,57,254,2,29,20,6,0.257,0.008,0.114,0.079,0.024,-0.902,0.491,-0.321,0.641,0.294,0.052,364
9414,Quintin Berry,OF,11/21/1984,2014,Steamer,16,72,1,8,5,4,0.222,0.014,0.111,0.069,0.056,-0.466,0.415,-0.550,2.721,-1.434,0.049,365
2650,Corey Brown,OF,11/26/1985,2014,Steamer,23,95,3,10,10,2,0.222,0.032,0.105,0.105,0.021,0.816,0.269,0.334,0.474,-1.434,0.044,366
4984,Brock Peterson,1B/OF,11/20/1983,2014,Steamer,16,68,2,7,8,0,0.251,0.029,0.103,0.118,0.000,0.659,0.211,0.639,-0.897,-0.002,0.041,367
4191,Yunel Escobar,SS,11/2/1982,2014,Steamer,122,526,8,56,50,5,0.258,0.015,0.106,0.095,0.010,-0.370,0.299,0.082,-0.278,0.343,0.040,368
10822,Todd Cunningham,OF,3/20/1989,2014,Steamer,18,74,1,7,6,2,0.259,0.014,0.095,0.081,0.027,-0.493,0.003,-0.263,0.863,0.393,0.037,369
2216,Don Kelly,OF,2/15/1980,2014,Steamer,65,267,6,30,27,3,0.24,0.022,0.112,0.101,0.011,0.156,0.446,0.232,-0.165,-0.545,0.033,370
1861,Wilson Betemit,3B,11/2/1981,2014,Steamer,40,168,4,17,18,1,0.249,0.024,0.101,0.107,0.006,0.253,0.167,0.380,-0.509,-0.101,0.032,371
4293,Brett Hayes,C,2/13/1984,2014,Steamer,24,98,3,10,11,1,0.233,0.031,0.102,0.112,0.010,0.746,0.188,0.506,-0.233,-0.891,0.031,372
6448,Jim Adduci,1B/DH/OF,5/15/1985,2014,Steamer,5,20,0,2,2,1,0.255,0.000,0.100,0.100,0.050,-1.472,0.137,0.204,2.360,0.195,0.028,373
11147,Tommy Medica,1B,4/9/1988,2014,Steamer,15,62,2,7,7,0,0.241,0.032,0.113,0.113,0.000,0.865,0.459,0.522,-0.897,-0.496,0.028,374
9700,Casper Wells,OF,11/23/1984,2014,Steamer,15,62,2,7,6,1,0.227,0.032,0.113,0.097,0.016,0.865,0.459,0.124,0.153,-1.187,0.026,375
6400,Kirk Nieuwenhuis,OF,8/7/1987,2014,Steamer,8,36,1,4,3,1,0.231,0.028,0.111,0.083,0.028,0.541,0.415,-0.207,0.912,-0.990,0.024,376
10154,Donald Lutz,OF,2/6/1989,2014,Steamer,11,47,1,5,5,1,0.236,0.021,0.106,0.106,0.021,0.070,0.297,0.361,0.489,-0.743,0.022,377
10329,Reymond Fuentes,OF,2/12/1991,2014,Steamer,8,34,0,3,3,2,0.239,0.000,0.088,0.088,0.059,-1.472,-0.156,-0.086,2.934,-0.595,0.021,378
6421,Roger Bernadina,OF,6/12/1984,2014,Steamer,49,204,4,21,19,5,0.235,0.020,0.103,0.093,0.025,-0.051,0.211,0.035,0.699,-0.792,0.021,379
1159,Andrew Romine,3B/SS,12/24/1985,2014,Steamer,34,137,1,14,12,4,0.251,0.007,0.102,0.088,0.029,-0.943,0.192,-0.102,1.005,-0.002,0.020,380
5503,Corban Joseph,1B/2B,10/28/1988,2014,Steamer,8,33,1,4,3,0,0.252,0.030,0.121,0.091,0.000,0.724,0.667,-0.020,-0.897,0.047,0.017,381
9853,Sean Halton,1B,6/7/1987,2014,Steamer,36,150,4,15,15,1,0.246,0.027,0.100,0.100,0.007,0.460,0.137,0.204,-0.463,-0.249,0.013,382
3388,Chris Getz,2B,8/30/1983,2014,Steamer,24,100,0,10,8,4,0.252,0.000,0.100,0.080,0.040,-1.472,0.137,-0.290,1.708,0.047,0.013,383
6788,Josh Satin,1B/3B,12/23/1984,2014,Steamer,33,144,3,14,15,1,0.253,0.021,0.097,0.104,0.007,0.037,0.068,0.307,-0.445,0.097,0.009,384
4719,Brian Bogusevic,OF,2/18/1984,2014,Steamer,23,96,2,9,9,2,0.242,0.021,0.094,0.094,0.021,0.037,-0.019,0.050,0.460,-0.447,0.008,385
3373,Clete Thomas,OF,11/14/1983,2014,Steamer,8,33,1,3,3,1,0.221,0.030,0.091,0.091,0.030,0.724,-0.089,-0.020,1.077,-1.483,0.007,386
7937,Logan Schafer,OF,9/8/1986,2014,Steamer,64,265,4,26,25,5,0.249,0.015,0.098,0.094,0.019,-0.378,0.090,0.064,0.332,-0.101,0.002,387
1930,Casey Kotchman,1B,2/22/1983,2014,Steamer,81,331,7,33,34,2,0.252,0.021,0.100,0.103,0.006,0.060,0.130,0.271,-0.504,0.047,0.002,388
2161,Jason Kubel,DH/OF,5/25/1982,2014,Steamer,8,34,1,4,4,0,0.232,0.029,0.118,0.118,0.000,0.659,0.578,0.639,-0.897,-0.940,0.001,389
7389,David Adams,3B,5/15/1987,2014,Steamer,11,46,1,5,5,0,0.251,0.022,0.109,0.109,0.000,0.103,0.354,0.418,-0.897,-0.002,-0.001,390
10231,Jose Iglesias,3B/SS,1/5/1990,2014,Steamer,146,570,6,56,54,10,0.257,0.011,0.098,0.095,0.018,-0.709,0.094,0.074,0.246,0.294,-0.001,391
8879,Ryan Lavarnway,C/DH,8/7/1987,2014,Steamer,13,54,1,6,6,0,0.253,0.019,0.111,0.111,0.000,-0.130,0.415,0.478,-0.897,0.097,-0.002,392
6003,Jose Constanza,OF,9/1/1983,2014,Steamer,6,27,0,2,2,1,0.267,0.000,0.074,0.074,0.037,-1.472,-0.509,-0.436,1.515,0.788,-0.003,393
5751,Hernan Perez,2B,3/26/1991,2014,Steamer,8,31,0,3,3,1,0.25,0.000,0.097,0.097,0.032,-1.472,0.057,0.124,1.204,-0.052,-0.004,394
768,Endy Chavez,OF,2/7/1978,2014,Steamer,16,71,1,7,6,1,0.26,0.014,0.099,0.085,0.014,-0.452,0.102,-0.178,0.020,0.442,-0.005,395
818,Jason Giambi,1B/DH,1/8/1971,2014,Steamer,29,123,4,14,14,1,0.219,0.033,0.114,0.114,0.008,0.884,0.482,0.545,-0.368,-1.582,-0.005,396
2225,Jason Bourgeois,OF,1/4/1982,2014,Steamer,0,1,0,0,0,0,0.269,0.000,0.000,0.000,0.000,-1.472,-2.358,-2.264,-0.897,0.887,-0.006,397
5834,Brett Pill,1B,9/9/1984,2014,Steamer,0,1,0,0,0,0,0.269,0.000,0.000,0.000,0.000,-1.472,-2.358,-2.264,-0.897,0.887,-0.006,398
4121,Jordan Brown,1B/DH/OF,12/18/1983,2014,Steamer,0,1,0,0,0,0,0.268,0.000,0.000,0.000,0.000,-1.472,-2.358,-2.264,-0.897,0.837,-0.006,399
14446,Hiroyuki Nakajima,SS,7/31/1982,2014,Steamer,0,1,0,0,0,0,0.266,0.000,0.000,0.000,0.000,-1.472,-2.358,-2.264,-0.897,0.738,-0.006,400
432,Todd Helton,1B,8/20/1973,2014,Steamer,0,1,0,0,0,0,0.264,0.000,0.000,0.000,0.000,-1.472,-2.358,-2.264,-0.897,0.640,-0.006,401
9854,Efren Navarro,1B,5/14/1986,2014,Steamer,0,1,0,0,0,0,0.262,0.000,0.000,0.000,0.000,-1.472,-2.358,-2.264,-0.897,0.541,-0.006,402
3209,Julio Borbon,OF,2/20/1986,2014,Steamer,0,1,0,0,0,0,0.26,0.000,0.000,0.000,0.000,-1.472,-2.358,-2.264,-0.897,0.442,-0.007,403
7983,Henry Rodriguez,2B,2/9/1990,2014,Steamer,16,68,1,6,6,1,0.261,0.015,0.088,0.088,0.015,-0.407,-0.156,-0.086,0.061,0.492,-0.007,404
918,Ramon Hernandez,C,5/20/1976,2014,Steamer,0,1,0,0,0,0,0.259,0.000,0.000,0.000,0.000,-1.472,-2.358,-2.264,-0.897,0.393,-0.007,405
914,Brennan Boesch,OF,4/12/1985,2014,Steamer,0,1,0,0,0,0,0.258,0.000,0.000,0.000,0.000,-1.472,-2.358,-2.264,-0.897,0.343,-0.007,406
5514,Jesus Montero,C/DH,11/28/1989,2014,Steamer,0,1,0,0,0,0,0.258,0.000,0.000,0.000,0.000,-1.472,-2.358,-2.264,-0.897,0.343,-0.007,407
1702,Reed Johnson,OF,12/8/1976,2014,Steamer,0,1,0,0,0,0,0.257,0.000,0.000,0.000,0.000,-1.472,-2.358,-2.264,-0.897,0.294,-0.007,408
2162,Freddy Guzman,OF,1/20/1981,2014,Steamer,0,1,0,0,0,0,0.256,0.000,0.000,0.000,0.000,-1.472,-2.358,-2.264,-0.897,0.245,-0.007,409
2070,Gil Velazquez,3B,10/17/1979,2014,Steamer,0,1,0,0,0,0,0.256,0.000,0.000,0.000,0.000,-1.472,-2.358,-2.264,-0.897,0.245,-0.007,410
9210,Fernando Martinez,OF,10/10/1988,2014,Steamer,0,1,0,0,0,0,0.255,0.000,0.000,0.000,0.000,-1.472,-2.358,-2.264,-0.897,0.195,-0.007,411
3492,Angel Sanchez,SS,9/20/1983,2014,Steamer,0,1,0,0,0,0,0.254,0.000,0.000,0.000,0.000,-1.472,-2.358,-2.264,-0.897,0.146,-0.007,412
7799,Joey Butler,DH/OF,3/12/1986,2014,Steamer,0,1,0,0,0,0,0.253,0.000,0.000,0.000,0.000,-1.472,-2.358,-2.264,-0.897,0.097,-0.007,413
5963,Xavier Paul,OF,2/25/1985,2014,Steamer,0,1,0,0,0,0,0.253,0.000,0.000,0.000,0.000,-1.472,-2.358,-2.264,-0.897,0.097,-0.007,414
5888,Cole Gillespie,OF,6/20/1984,2014,Steamer,0,1,0,0,0,0,0.252,0.000,0.000,0.000,0.000,-1.472,-2.358,-2.264,-0.897,0.047,-0.007,415
5476,Brandon Laird,1B/3B,9/11/1987,2014,Steamer,0,1,0,0,0,0,0.251,0.000,0.000,0.000,0.000,-1.472,-2.358,-2.264,-0.897,-0.002,-0.007,416
7485,Blake DeWitt,2B/3B,8/20/1985,2014,Steamer,0,1,0,0,0,0,0.25,0.000,0.000,0.000,0.000,-1.472,-2.358,-2.264,-0.897,-0.052,-0.007,417
5310,Tyler Colvin,OF,9/5/1985,2014,Steamer,0,1,0,0,0,0,0.248,0.000,0.000,0.000,0.000,-1.472,-2.358,-2.264,-0.897,-0.150,-0.007,418
144,Jerry Hairston,2B/OF,5/29/1976,2014,Steamer,0,1,0,0,0,0,0.245,0.000,0.000,0.000,0.000,-1.472,-2.358,-2.264,-0.897,-0.298,-0.007,419
5665,Yamaico Navarro,3B/SS,10/31/1987,2014,Steamer,0,1,0,0,0,0,0.245,0.000,0.000,0.000,0.000,-1.472,-2.358,-2.264,-0.897,-0.298,-0.007,420
2554,Chris Parmelee,1B/OF,2/24/1988,2014,Steamer,0,1,0,0,0,0,0.245,0.000,0.000,0.000,0.000,-1.472,-2.358,-2.264,-0.897,-0.298,-0.007,421
7095,Chris Dickerson,OF,4/10/1982,2014,Steamer,0,1,0,0,0,0,0.244,0.000,0.000,0.000,0.000,-1.472,-2.358,-2.264,-0.897,-0.348,-0.007,422
4792,Jeff Francoeur,OF,1/8/1984,2014,Steamer,0,1,0,0,0,0,0.244,0.000,0.000,0.000,0.000,-1.472,-2.358,-2.264,-0.897,-0.348,-0.007,423
5219,Wilkin Ramirez,OF,10/25/1985,2014,Steamer,0,1,0,0,0,0,0.244,0.000,0.000,0.000,0.000,-1.472,-2.358,-2.264,-0.897,-0.348,-0.007,424
9048,Ezequiel Carrera,OF,6/11/1987,2014,Steamer,0,1,0,0,0,0,0.243,0.000,0.000,0.000,0.000,-1.472,-2.358,-2.264,-0.897,-0.397,-0.007,425
3402,Trevor Crowe,OF,11/17/1983,2014,Steamer,0,1,0,0,0,0,0.243,0.000,0.000,0.000,0.000,-1.472,-2.358,-2.264,-0.897,-0.397,-0.007,426
2178,Brendan Harris,SS,8/26/1980,2014,Steamer,0,1,0,0,0,0,0.243,0.000,0.000,0.000,0.000,-1.472,-2.358,-2.264,-0.897,-0.397,-0.007,427
5225,Roger Kieschnick,OF,1/21/1987,2014,Steamer,0,1,0,0,0,0,0.243,0.000,0.000,0.000,0.000,-1.472,-2.358,-2.264,-0.897,-0.397,-0.007,428
1935,Kevin Youkilis,1B/3B,3/15/1979,2014,Steamer,0,1,0,0,0,0,0.243,0.000,0.000,0.000,0.000,-1.472,-2.358,-2.264,-0.897,-0.397,-0.007,429
7949,Tim Beckham,2B/SS,1/27/1990,2014,Steamer,0,1,0,0,0,0,0.242,0.000,0.000,0.000,0.000,-1.472,-2.358,-2.264,-0.897,-0.447,-0.007,430
3443,Chris Robinson,C,5/12/1984,2014,Steamer,0,1,0,0,0,0,0.242,0.000,0.000,0.000,0.000,-1.472,-2.358,-2.264,-0.897,-0.447,-0.007,431
9856,Brandon Snyder,1B/3B,11/23/1986,2014,Steamer,0,1,0,0,0,0,0.242,0.000,0.000,0.000,0.000,-1.472,-2.358,-2.264,-0.897,-0.447,-0.007,432
7989,Guillermo Quiroz,C,11/29/1981,2014,Steamer,0,1,0,0,0,0,0.241,0.000,0.000,0.000,0.000,-1.472,-2.358,-2.264,-0.897,-0.496,-0.007,433
5199,Taylor Teagarden,C,12/21/1983,2014,Steamer,89,351,10,35,37,7,0.221,0.028,0.100,0.105,0.020,0.592,0.130,0.337,0.402,-1.483,-0.008,434
3188,Luis Cruz,3B/SS,2/10/1984,2014,Steamer,0,1,0,0,0,0,0.24,0.000,0.000,0.000,0.000,-1.472,-2.358,-2.264,-0.897,-0.545,-0.008,435
9246,Blake Lalli,C/1B,5/12/1983,2014,Steamer,0,1,0,0,0,0,0.24,0.000,0.000,0.000,0.000,-1.472,-2.358,-2.264,-0.897,-0.545,-0.008,436
6335,Omar Quintanilla,2B/SS,10/24/1981,2014,Steamer,0,1,0,0,0,0,0.24,0.000,0.000,0.000,0.000,-1.472,-2.358,-2.264,-0.897,-0.545,-0.008,437
4748,Matt Carson,OF,7/1/1981,2014,Steamer,0,1,0,0,0,0,0.239,0.000,0.000,0.000,0.000,-1.472,-2.358,-2.264,-0.897,-0.595,-0.008,438
4793,Travis Ishikawa,1B,9/24/1983,2014,Steamer,0,1,0,0,0,0,0.239,0.000,0.000,0.000,0.000,-1.472,-2.358,-2.264,-0.897,-0.595,-0.008,439
5432,Elian Herrera,3B/OF,2/1/1985,2014,Steamer,0,1,0,0,0,0,0.238,0.000,0.000,0.000,0.000,-1.472,-2.358,-2.264,-0.897,-0.644,-0.008,440
3469,Luke Scott,DH/OF,6/25/1978,2014,Steamer,0,1,0,0,0,0,0.238,0.000,0.000,0.000,0.000,-1.472,-2.358,-2.264,-0.897,-0.644,-0.008,441
1554,DeWayne Wise,OF,2/24/1978,2014,Steamer,0,1,0,0,0,0,0.238,0.000,0.000,0.000,0.000,-1.472,-2.358,-2.264,-0.897,-0.644,-0.008,442
395,John McDonald,SS,9/24/1974,2014,Steamer,0,1,0,0,0,0,0.237,0.000,0.000,0.000,0.000,-1.472,-2.358,-2.264,-0.897,-0.693,-0.008,443
4675,Tyler Greene,2B/SS,8/17/1983,2014,Steamer,0,1,0,0,0,0,0.235,0.000,0.000,0.000,0.000,-1.472,-2.358,-2.264,-0.897,-0.792,-0.008,444
1488,Andres Torres,OF,1/26/1978,2014,Steamer,0,1,0,0,0,0,0.235,0.000,0.000,0.000,0.000,-1.472,-2.358,-2.264,-0.897,-0.792,-0.008,445
4906,Alberto Gonzalez,2B/SS,4/18/1983,2014,Steamer,0,1,0,0,0,0,0.233,0.000,0.000,0.000,0.000,-1.472,-2.358,-2.264,-0.897,-0.891,-0.008,446
1042,Mark Kotsay,OF,12/2/1975,2014,Steamer,0,1,0,0,0,0,0.233,0.000,0.000,0.000,0.000,-1.472,-2.358,-2.264,-0.897,-0.891,-0.008,447
6402,Brent Morel,3B,4/21/1987,2014,Steamer,0,1,0,0,0,0,0.233,0.000,0.000,0.000,0.000,-1.472,-2.358,-2.264,-0.897,-0.891,-0.008,448
2179,Ronny Cedeno,SS,2/2/1983,2014,Steamer,0,1,0,0,0,0,0.232,0.000,0.000,0.000,0.000,-1.472,-2.358,-2.264,-0.897,-0.940,-0.008,449
2167,Dan Johnson,1B,8/10/1979,2014,Steamer,0,1,0,0,0,0,0.232,0.000,0.000,0.000,0.000,-1.472,-2.358,-2.264,-0.897,-0.940,-0.008,450
8760,Carlos Peguero,OF,2/22/1987,2014,Steamer,0,1,0,0,0,0,0.232,0.000,0.000,0.000,0.000,-1.472,-2.358,-2.264,-0.897,-0.940,-0.008,451
1392,Mark DeRosa,2B/3B,2/26/1975,2014,Steamer,0,1,0,0,0,0,0.231,0.000,0.000,0.000,0.000,-1.472,-2.358,-2.264,-0.897,-0.990,-0.008,452
4677,Ben Francisco,OF,10/23/1981,2014,Steamer,0,1,0,0,0,0,0.231,0.000,0.000,0.000,0.000,-1.472,-2.358,-2.264,-0.897,-0.990,-0.008,453
2172,Hector Gimenez,C,9/28/1982,2014,Steamer,0,1,0,0,0,0,0.231,0.000,0.000,0.000,0.000,-1.472,-2.358,-2.264,-0.897,-0.990,-0.008,454
6444,Andy LaRoche,3B,9/13/1983,2014,Steamer,0,1,0,0,0,0,0.231,0.000,0.000,0.000,0.000,-1.472,-2.358,-2.264,-0.897,-0.990,-0.008,455
13047,Munenori Kawasaki,SS,6/3/1981,2014,Steamer,0,1,0,0,0,0,0.23,0.000,0.000,0.000,0.000,-1.472,-2.358,-2.264,-0.897,-1.039,-0.008,456
3501,Brent Lillibridge,OF,9/18/1983,2014,Steamer,0,1,0,0,0,0,0.23,0.000,0.000,0.000,0.000,-1.472,-2.358,-2.264,-0.897,-1.039,-0.008,457
3583,Omir Santos,C,4/29/1981,2014,Steamer,0,1,0,0,0,0,0.23,0.000,0.000,0.000,0.000,-1.472,-2.358,-2.264,-0.897,-1.039,-0.008,458
4518,Doug Bernier,SS,6/24/1980,2014,Steamer,0,1,0,0,0,0,0.229,0.000,0.000,0.000,0.000,-1.472,-2.358,-2.264,-0.897,-1.088,-0.008,459
173,Scott Cousins,OF,1/22/1985,2014,Steamer,0,1,0,0,0,0,0.229,0.000,0.000,0.000,0.000,-1.472,-2.358,-2.264,-0.897,-1.088,-0.008,460
4900,Robert Andino,2B/SS,4/25/1984,2014,Steamer,0,1,0,0,0,0,0.228,0.000,0.000,0.000,0.000,-1.472,-2.358,-2.264,-0.897,-1.138,-0.008,461
5411,Alex Liddi,3B,8/14/1988,2014,Steamer,0,1,0,0,0,0,0.228,0.000,0.000,0.000,0.000,-1.472,-2.358,-2.264,-0.897,-1.138,-0.008,462
4751,Elliot Johnson,2B/SS,3/9/1984,2014,Steamer,0,1,0,0,0,0,0.227,0.000,0.000,0.000,0.000,-1.472,-2.358,-2.264,-0.897,-1.187,-0.008,463
520,Alex Gonzalez,SS,2/15/1977,2014,Steamer,0,1,0,0,0,0,0.225,0.000,0.000,0.000,0.000,-1.472,-2.358,-2.264,-0.897,-1.286,-0.008,464
1717,Jason Bay,OF,9/20/1978,2014,Steamer,0,1,0,0,0,0,0.223,0.000,0.000,0.000,0.000,-1.472,-2.358,-2.264,-0.897,-1.385,-0.008,465
1491,Ty Wigginton,1B/3B,10/11/1977,2014,Steamer,0,1,0,0,0,0,0.223,0.000,0.000,0.000,0.000,-1.472,-2.358,-2.264,-0.897,-1.385,-0.008,466
9362,Adam Moore,C,5/8/1984,2014,Steamer,0,1,0,0,0,0,0.222,0.000,0.000,0.000,0.000,-1.472,-2.358,-2.264,-0.897,-1.434,-0.008,467
4142,Jonathan Diaz,2B/3B,4/10/1985,2014,Steamer,0,1,0,0,0,0,0.221,0.000,0.000,0.000,0.000,-1.472,-2.358,-2.264,-0.897,-1.483,-0.008,468
1305,Eric Hinske,3B/OF,8/5/1977,2014,Steamer,0,1,0,0,0,0,0.221,0.000,0.000,0.000,0.000,-1.472,-2.358,-2.264,-0.897,-1.483,-0.008,469
198,Danny Worth,2B,9/30/1985,2014,Steamer,0,1,0,0,0,0,0.221,0.000,0.000,0.000,0.000,-1.472,-2.358,-2.264,-0.897,-1.483,-0.008,470
3620,Shelley Duncan,DH/OF,9/29/1979,2014,Steamer,0,1,0,0,0,0,0.219,0.000,0.000,0.000,0.000,-1.472,-2.358,-2.264,-0.897,-1.582,-0.009,471
6046,Matt Pagnozzi,C,11/10/1982,2014,Steamer,0,1,0,0,0,0,0.219,0.000,0.000,0.000,0.000,-1.472,-2.358,-2.264,-0.897,-1.582,-0.009,472
1885,Brad Hawpe,OF,6/22/1979,2014,Steamer,0,1,0,0,0,0,0.218,0.000,0.000,0.000,0.000,-1.472,-2.358,-2.264,-0.897,-1.631,-0.009,473
98,Ryan Langerhans,OF,2/20/1980,2014,Steamer,0,1,0,0,0,0,0.218,0.000,0.000,0.000,0.000,-1.472,-2.358,-2.264,-0.897,-1.631,-0.009,474
8810,Blake Tekotte,OF,5/24/1987,2014,Steamer,0,1,0,0,0,0,0.218,0.000,0.000,0.000,0.000,-1.472,-2.358,-2.264,-0.897,-1.631,-0.009,475
2102,Josh Wilson,SS,3/26/1981,2014,Steamer,0,1,0,0,0,0,0.216,0.000,0.000,0.000,0.000,-1.472,-2.358,-2.264,-0.897,-1.730,-0.009,476
7412,Paul Janish,SS,10/12/1982,2014,Steamer,0,1,0,0,0,0,0.215,0.000,0.000,0.000,0.000,-1.472,-2.358,-2.264,-0.897,-1.780,-0.009,477
8380,Reid Brignac,2B/SS,1/16/1986,2014,Steamer,0,1,0,0,0,0,0.214,0.000,0.000,0.000,0.000,-1.472,-2.358,-2.264,-0.897,-1.829,-0.009,478
2324,J.C. Boscan,C,12/26/1979,2014,Steamer,0,1,0,0,0,0,0.213,0.000,0.000,0.000,0.000,-1.472,-2.358,-2.264,-0.897,-1.878,-0.009,479
8272,Matt Tuiasosopo,OF,5/10/1986,2014,Steamer,0,1,0,0,0,0,0.213,0.000,0.000,0.000,0.000,-1.472,-2.358,-2.264,-0.897,-1.878,-0.009,480
1142,Rick Ankiel,OF,7/19/1979,2014,Steamer,0,1,0,0,0,0,0.211,0.000,0.000,0.000,0.000,-1.472,-2.358,-2.264,-0.897,-1.977,-0.009,481
8145,Eric Fryer,C,8/26/1985,2014,Steamer,2,7,0,1,1,0,0.223,0.000,0.143,0.143,0.000,-1.472,1.207,1.262,-0.897,-1.385,-0.009,482
4756,John Baker,C,1/20/1981,2014,Steamer,0,1,0,0,0,0,0.21,0.000,0.000,0.000,0.000,-1.472,-2.358,-2.264,-0.897,-2.026,-0.009,483
470,Brandon Inge,3B,5/19/1977,2014,Steamer,0,1,0,0,0,0,0.208,0.000,0.000,0.000,0.000,-1.472,-2.358,-2.264,-0.897,-2.125,-0.009,484
7419,Mike Nickeas,C,2/13/1983,2014,Steamer,0,1,0,0,0,0,0.208,0.000,0.000,0.000,0.000,-1.472,-2.358,-2.264,-0.897,-2.125,-0.009,485
9542,Steve Clevenger,C,4/5/1986,2014,Steamer,8,33,1,3,3,0,0.251,0.030,0.091,0.091,0.000,0.724,-0.089,-0.020,-0.897,-0.002,-0.009,486
10289,Hector Sanchez,C,11/17/1989,2014,Steamer,24,101,2,10,11,0,0.257,0.020,0.099,0.109,0.000,-0.037,0.113,0.424,-0.897,0.294,-0.010,487
10622,Zach Walters,3B/SS,9/5/1989,2014,Steamer,19,81,2,8,9,1,0.232,0.025,0.099,0.111,0.012,0.317,0.107,0.478,-0.093,-0.940,-0.011,488
7290,Jake Elmore,SS,6/15/1987,2014,Steamer,8,34,0,3,3,1,0.258,0.000,0.088,0.088,0.029,-1.472,-0.156,-0.086,1.019,0.343,-0.012,489
11385,Matt den Dekker,OF,8/10/1987,2014,Steamer,23,95,2,9,9,2,0.236,0.021,0.095,0.095,0.021,0.053,0.006,0.074,0.474,-0.743,-0.013,490
4875,Logan Watkins,2B,8/29/1989,2014,Steamer,16,68,1,6,6,2,0.239,0.015,0.088,0.088,0.029,-0.407,-0.156,-0.086,1.019,-0.595,-0.015,491
1066,Willie Bloomquist,SS/OF,11/27/1977,2014,Steamer,40,185,1,20,14,4,0.262,0.005,0.108,0.076,0.022,-1.081,0.340,-0.396,0.511,0.541,-0.016,492
5827,Wilmer Flores,3B,8/6/1991,2014,Steamer,49,204,4,19,21,1,0.257,0.020,0.093,0.103,0.005,-0.051,-0.034,0.276,-0.578,0.294,-0.019,493
5557,Jarrod Saltalamacchia,C,5/2/1985,2014,Steamer,105,433,15,43,48,3,0.226,0.035,0.099,0.111,0.007,1.038,0.120,0.472,-0.446,-1.236,-0.023,494
2748,Pete Orr,2B/3B,6/8/1979,2014,Steamer,13,53,1,5,5,1,0.236,0.019,0.094,0.094,0.019,-0.105,-0.004,0.064,0.332,-0.743,-0.024,495
3735,Zach Lutz,1B/3B,6/3/1986,2014,Steamer,17,71,2,7,7,0,0.245,0.028,0.099,0.099,0.000,0.569,0.102,0.169,-0.897,-0.298,-0.025,496
5653,Ryan Roberts,2B/3B,9/19/1980,2014,Steamer,13,53,1,5,5,1,0.235,0.019,0.094,0.094,0.019,-0.105,-0.004,0.064,0.332,-0.792,-0.027,497
4063,Anthony Recker,C,8/29/1983,2014,Steamer,44,176,5,17,19,2,0.23,0.028,0.097,0.108,0.011,0.586,0.052,0.400,-0.157,-1.039,-0.028,498
2783,Johnny Monell,C,3/27/1986,2014,Steamer,8,34,1,4,3,0,0.229,0.029,0.118,0.088,0.000,0.659,0.578,-0.086,-0.897,-1.088,-0.028,499
3142,Robinson Chirinos,C,6/5/1984,2014,Steamer,16,66,1,7,7,1,0.235,0.015,0.106,0.106,0.015,-0.374,0.289,0.353,0.090,-0.792,-0.029,500
10542,Derek Dietrich,2B,7/18/1989,2014,Steamer,8,33,1,3,3,0,0.239,0.030,0.091,0.091,0.000,0.724,-0.089,-0.020,-0.897,-0.595,-0.029,501
1551,David Ross,C,3/19/1977,2014,Steamer,49,201,5,22,22,2,0.23,0.025,0.109,0.109,0.010,0.330,0.373,0.437,-0.249,-1.039,-0.030,502
3231,Brayan Pena,C,1/7/1982,2014,Steamer,57,232,4,21,23,2,0.258,0.017,0.091,0.099,0.009,-0.223,-0.099,0.183,-0.336,0.343,-0.031,503
5587,Carlos Corporan,C,1/7/1984,2014,Steamer,16,66,2,7,7,0,0.232,0.030,0.106,0.106,0.000,0.724,0.289,0.353,-0.897,-0.940,-0.031,504
6601,Luke Montz,C/DH,7/7/1983,2014,Steamer,8,34,1,4,4,0,0.212,0.029,0.118,0.118,0.000,0.659,0.578,0.639,-0.897,-1.928,-0.032,505
941,Miguel Tejada,SS,5/25/1974,2014,Steamer,16,68,1,6,6,1,0.253,0.015,0.088,0.088,0.015,-0.407,-0.156,-0.086,0.061,0.097,-0.033,506
3255,Franklin Gutierrez,OF,2/21/1983,2014,Steamer,81,374,8,42,34,8,0.229,0.021,0.112,0.091,0.021,0.078,0.444,-0.020,0.496,-1.088,-0.034,507
3123,Gregor Blanco,OF,12/24/1983,2014,Steamer,91,357,3,32,31,11,0.249,0.008,0.090,0.087,0.031,-0.863,-0.121,-0.121,1.110,-0.101,-0.034,508
6178,Tony Sanchez,C,5/20/1988,2014,Steamer,8,34,1,3,3,0,0.24,0.029,0.088,0.088,0.000,0.659,-0.156,-0.086,-0.897,-0.545,-0.035,509
6165,Irving Falu,2B,6/6/1983,2014,Steamer,3,13,0,1,1,0,0.258,0.000,0.077,0.077,0.000,-1.472,-0.438,-0.366,-0.897,0.343,-0.037,510
7185,Logan Forsythe,2B,1/14/1987,2014,Steamer,26,114,2,12,10,2,0.24,0.018,0.105,0.088,0.018,-0.201,0.269,-0.099,0.246,-0.545,-0.038,511
5384,Juan Lagares,OF,3/17/1989,2014,Steamer,107,445,6,40,40,9,0.254,0.013,0.090,0.090,0.020,-0.495,-0.115,-0.046,0.420,0.146,-0.040,512
8179,Joe Mahoney,1B,2/1/1987,2014,Steamer,8,33,1,3,3,0,0.232,0.030,0.091,0.091,0.000,0.724,-0.089,-0.020,-0.897,-0.940,-0.040,513
7528,Kevin Frandsen,2B/3B,5/24/1982,2014,Steamer,77,329,4,32,29,2,0.271,0.012,0.097,0.088,0.006,-0.591,0.069,-0.089,-0.501,0.985,-0.042,514
3648,Rene Rivera,C,7/31/1983,2014,Steamer,8,33,1,3,3,0,0.231,0.030,0.091,0.091,0.000,0.724,-0.089,-0.020,-0.897,-0.990,-0.042,515
1698,Gerald Laird,C,11/13/1979,2014,Steamer,16,65,1,6,6,1,0.243,0.015,0.092,0.092,0.015,-0.357,-0.055,0.014,0.105,-0.397,-0.045,516
5491,Austin Romine,C,11/22/1988,2014,Steamer,6,26,0,3,3,0,0.239,0.000,0.115,0.115,0.000,-1.472,0.521,0.584,-0.897,-0.595,-0.048,517
8631,Cord Phelps,2B/DH,1/23/1987,2014,Steamer,60,249,5,26,24,4,0.237,0.020,0.104,0.096,0.016,-0.017,0.248,0.115,0.149,-0.693,-0.050,518
934,Carlos Pena,1B,5/17/1978,2014,Steamer,32,138,5,16,16,1,0.206,0.036,0.116,0.116,0.007,1.153,0.535,0.597,-0.425,-2.224,-0.050,519
10346,J.R. Murphy,C,5/13/1991,2014,Steamer,5,20,0,2,2,0,0.24,0.000,0.100,0.100,0.000,-1.472,0.137,0.204,-0.897,-0.545,-0.051,520
7765,Jermaine Curtis,OF,7/10/1987,2014,Steamer,15,61,0,6,5,1,0.263,0.000,0.098,0.082,0.016,-1.472,0.097,-0.241,0.171,0.590,-0.052,521
877,John Hester,C,9/14/1983,2014,Steamer,8,32,1,3,3,0,0.219,0.031,0.094,0.094,0.000,0.792,-0.019,0.050,-0.897,-1.582,-0.053,522
6878,Chris Coghlan,OF,6/18/1985,2014,Steamer,30,136,2,15,10,2,0.251,0.015,0.110,0.074,0.015,-0.407,0.394,-0.449,0.061,-0.002,-0.055,523
8418,Ehire Adrianza,SS,8/21/1989,2014,Steamer,3,14,0,1,1,0,0.24,0.000,0.071,0.071,0.000,-1.472,-0.575,-0.501,-0.897,-0.545,-0.056,524
6835,Nick Buss,OF,12/15/1986,2014,Steamer,3,14,0,1,1,0,0.24,0.000,0.071,0.071,0.000,-1.472,-0.575,-0.501,-0.897,-0.545,-0.056,525
5506,George Kottaras,C,5/10/1983,2014,Steamer,58,237,8,26,25,2,0.219,0.034,0.110,0.105,0.008,0.974,0.380,0.339,-0.347,-1.582,-0.056,526
8254,Sam Fuld,OF,11/20/1981,2014,Steamer,49,207,2,21,17,7,0.236,0.010,0.101,0.082,0.034,-0.772,0.174,-0.237,1.305,-0.743,-0.057,527
8029,Rob Johnson,C,7/22/1982,2014,Steamer,8,33,1,3,3,0,0.222,0.030,0.091,0.091,0.000,0.724,-0.089,-0.020,-0.897,-1.434,-0.057,528
2852,Chris Marrero,1B,7/2/1988,2014,Steamer,13,54,1,5,5,0,0.251,0.019,0.093,0.093,0.000,-0.130,-0.047,0.021,-0.897,-0.002,-0.057,529
6012,Didi Gregorius,SS,2/18/1990,2014,Steamer,122,501,8,49,49,4,0.258,0.016,0.098,0.098,0.008,-0.315,0.083,0.150,-0.377,0.343,-0.058,530
9628,Michael McKenry,C,3/4/1985,2014,Steamer,16,66,2,6,7,0,0.231,0.030,0.091,0.106,0.000,0.724,-0.089,0.353,-0.897,-0.990,-0.059,531
3336,Alberto Callaspo,2B/3B,4/19/1983,2014,Steamer,97,405,7,43,39,2,0.256,0.017,0.106,0.096,0.005,-0.220,0.291,0.113,-0.575,0.245,-0.059,532
4611,Jason Pridie,OF,10/9/1983,2014,Steamer,24,99,2,9,10,1,0.241,0.020,0.091,0.101,0.010,-0.008,-0.089,0.229,-0.239,-0.496,-0.060,533
6746,Josh Prince,OF,1/26/1988,2014,Steamer,8,34,0,3,3,1,0.228,0.000,0.088,0.088,0.029,-1.472,-0.156,-0.086,1.019,-1.138,-0.062,534
10953,Phil Gosselin,2B,10/3/1988,2014,Steamer,16,68,1,6,6,1,0.244,0.015,0.088,0.088,0.015,-0.407,-0.156,-0.086,0.061,-0.348,-0.064,535
1766,Laynce Nix,OF,10/30/1980,2014,Steamer,49,200,6,20,22,1,0.23,0.030,0.100,0.110,0.005,0.702,0.137,0.451,-0.571,-1.039,-0.064,536
9423,Chris McGuiness,1B,4/11/1988,2014,Steamer,24,100,3,11,10,0,0.23,0.030,0.110,0.100,0.000,0.702,0.387,0.204,-0.897,-1.039,-0.064,537
5298,Kyle Skipworth,C,3/1/1990,2014,Steamer,8,34,1,3,4,0,0.207,0.029,0.088,0.118,0.000,0.659,-0.156,0.639,-0.897,-2.175,-0.066,538
7610,Lou Marson,C,6/26/1986,2014,Steamer,8,32,0,3,3,1,0.215,0.000,0.094,0.094,0.031,-1.472,-0.019,0.050,1.138,-1.780,-0.067,539
10099,Dustin Ackley,2B,2/26/1988,2014,Steamer,115,459,8,47,44,5,0.25,0.017,0.102,0.096,0.011,-0.209,0.197,0.102,-0.188,-0.052,-0.069,540
13265,Mike Zunino,C,3/25/1991,2014,Steamer,130,531,16,58,58,4,0.226,0.030,0.109,0.109,0.008,0.711,0.368,0.432,-0.406,-1.236,-0.070,541
1165,Chris Valaika,2B,8/14/1985,2014,Steamer,15,61,1,5,5,1,0.241,0.016,0.082,0.082,0.016,-0.284,-0.313,-0.241,0.171,-0.496,-0.071,542
9176,Audry Perez,C,12/23/1988,2014,Steamer,5,20,0,2,2,0,0.22,0.000,0.100,0.100,0.000,-1.472,0.137,0.204,-0.897,-1.533,-0.071,543
342,Corky Miller,C,3/18/1976,2014,Steamer,8,34,1,3,3,0,0.218,0.029,0.088,0.088,0.000,0.659,-0.156,-0.086,-0.897,-1.631,-0.072,544
9134,Tyler Flowers,C,1/24/1986,2014,Steamer,32,131,5,14,14,1,0.208,0.038,0.107,0.107,0.008,1.294,0.309,0.373,-0.400,-2.125,-0.072,545
7168,Juan Centeno,C,11/16/1989,2014,Steamer,8,34,0,3,3,0,0.261,0.000,0.088,0.088,0.000,-1.472,-0.156,-0.086,-0.897,0.492,-0.072,546
1824,Humberto Quintero,C,8/2/1979,2014,Steamer,16,65,1,6,6,1,0.233,0.015,0.092,0.092,0.015,-0.357,-0.055,0.014,0.105,-0.891,-0.077,547
2041,John Buck,C,7/7/1980,2014,Steamer,24,99,3,10,11,0,0.225,0.030,0.101,0.111,0.000,0.724,0.163,0.478,-0.897,-1.286,-0.081,548
6880,Nick Noonan,2B/3B,5/4/1989,2014,Steamer,13,56,0,5,5,1,0.25,0.000,0.089,0.089,0.018,-1.472,-0.130,-0.060,0.266,-0.052,-0.081,549
193,Carlos Triunfel,SS,2/27/1990,2014,Steamer,6,25,0,2,2,0,0.244,0.000,0.080,0.080,0.000,-1.472,-0.362,-0.290,-0.897,-0.348,-0.084,550
113,Steven Lerud,C,10/13/1984,2014,Steamer,5,20,0,2,2,0,0.206,0.000,0.100,0.100,0.000,-1.472,0.137,0.204,-0.897,-2.224,-0.085,551
4606,Chris Snyder,C,2/12/1981,2014,Steamer,24,99,3,11,11,0,0.219,0.030,0.111,0.111,0.000,0.724,0.415,0.478,-0.897,-1.582,-0.085,552
1867,Darnell McDonald,OF,11/17/1978,2014,Steamer,66,267,5,26,26,4,0.241,0.019,0.097,0.097,0.015,-0.115,0.072,0.139,0.079,-0.496,-0.086,553
3867,Kelly Shoppach,C,4/29/1980,2014,Steamer,8,33,1,3,3,0,0.204,0.030,0.091,0.091,0.000,0.724,-0.089,-0.020,-0.897,-2.323,-0.086,554
2616,Zack Cozart,SS,8/12/1985,2014,Steamer,122,489,11,44,53,2,0.251,0.022,0.090,0.108,0.004,0.158,-0.113,0.411,-0.631,-0.002,-0.086,555
4182,Jonathan Herrera,2B/SS,11/3/1984,2014,Steamer,37,155,1,16,14,2,0.257,0.006,0.103,0.090,0.013,-1.005,0.218,-0.035,-0.057,0.294,-0.091,556
9689,Josh Thole,C,10/28/1986,2014,Steamer,8,33,0,3,3,0,0.245,0.000,0.091,0.091,0.000,-1.472,-0.089,-0.020,-0.897,-0.298,-0.092,557
9284,Chris Herrmann,C/OF,11/24/1987,2014,Steamer,15,60,1,6,5,1,0.223,0.017,0.100,0.083,0.017,-0.264,0.137,-0.207,0.188,-1.385,-0.092,558
3817,Joaquin Arias,2B/3B/SS,9/21/1984,2014,Steamer,62,257,3,23,25,2,0.264,0.012,0.089,0.097,0.008,-0.626,-0.125,0.137,-0.390,0.640,-0.094,559
3395,Cliff Pennington,SS,6/15/1984,2014,Steamer,23,90,1,8,8,1,0.251,0.011,0.089,0.089,0.011,-0.667,-0.140,-0.070,-0.173,-0.002,-0.095,560
2784,Derrick Robinson,OF,9/28/1987,2014,Steamer,33,133,1,11,10,5,0.238,0.008,0.083,0.075,0.038,-0.927,-0.294,-0.408,1.552,-0.644,-0.096,561
6262,Tommy Field,2B/SS,2/22/1987,2014,Steamer,31,124,2,13,12,1,0.24,0.016,0.105,0.097,0.008,-0.303,0.258,0.124,-0.372,-0.545,-0.104,562
3972,Andy Parrino,2B/SS,10/31/1985,2014,Steamer,8,31,0,3,3,0,0.227,0.000,0.097,0.097,0.000,-1.472,0.057,0.124,-0.897,-1.187,-0.105,563
5275,Francisco Cervelli,C,3/6/1986,2014,Steamer,24,96,1,10,9,1,0.242,0.010,0.104,0.094,0.010,-0.717,0.241,0.050,-0.219,-0.447,-0.105,564
3790,Jayson Nix,2B/3B,8/26/1982,2014,Steamer,24,97,2,9,9,2,0.22,0.021,0.093,0.093,0.021,0.022,-0.043,0.026,0.446,-1.533,-0.105,565
10655,Rob Brantly,C,7/14/1989,2014,Steamer,8,34,0,3,3,0,0.24,0.000,0.088,0.088,0.000,-1.472,-0.156,-0.086,-0.897,-0.545,-0.107,566
8841,Ramiro Pena,3B/SS,7/18/1985,2014,Steamer,60,232,3,22,21,4,0.248,0.013,0.095,0.091,0.017,-0.535,0.008,-0.030,0.226,-0.150,-0.112,567
8385,Pedro Florimon,SS,12/10/1986,2014,Steamer,122,462,7,46,40,15,0.229,0.015,0.100,0.087,0.032,-0.374,0.127,-0.127,1.218,-1.088,-0.114,568
4969,Luis Valbuena,2B/3B,11/30/1985,2014,Steamer,62,258,6,25,26,2,0.24,0.023,0.097,0.101,0.008,0.213,0.060,0.223,-0.392,-0.545,-0.114,569
7358,Michael Martinez,2B/3B/OF,9/16/1982,2014,Steamer,24,98,1,8,9,2,0.24,0.010,0.082,0.092,0.020,-0.733,-0.321,0.002,0.432,-0.545,-0.114,570
7324,Chris Gimenez,C,12/27/1982,2014,Steamer,8,32,0,3,3,0,0.226,0.000,0.094,0.094,0.000,-1.472,-0.019,0.050,-0.897,-1.236,-0.114,571
6596,Ryan Jackson,2B,5/10/1988,2014,Steamer,11,46,0,4,4,0,0.253,0.000,0.087,0.087,0.000,-1.472,-0.188,-0.118,-0.897,0.097,-0.119,572
4616,Russell Martin,C,2/15/1983,2014,Steamer,122,489,13,48,51,7,0.228,0.027,0.098,0.104,0.014,0.454,0.091,0.310,0.035,-1.138,-0.121,573
5235,Justin Turner,2B/3B,11/23/1984,2014,Steamer,39,163,2,15,15,1,0.259,0.012,0.092,0.092,0.006,-0.583,-0.062,0.007,-0.498,0.393,-0.121,574
454,Juan Uribe,SS,3/22/1979,2014,Steamer,141,583,15,58,61,4,0.239,0.026,0.099,0.105,0.007,0.392,0.125,0.318,-0.450,-0.595,-0.122,575
2539,Pete Kozma,SS,4/11/1988,2014,Steamer,16,63,1,5,5,1,0.229,0.016,0.079,0.079,0.016,-0.322,-0.377,-0.305,0.137,-1.088,-0.123,576
8259,Kurt Suzuki,C,10/4/1983,2014,Steamer,73,297,6,30,30,2,0.244,0.020,0.101,0.101,0.007,-0.008,0.163,0.229,-0.459,-0.348,-0.126,577
4243,Jose Lobaton,C,10/21/1984,2014,Steamer,16,65,1,7,6,0,0.23,0.015,0.108,0.092,0.000,-0.357,0.329,0.014,-0.897,-1.039,-0.127,578
1176,Placido Polanco,2B/3B,10/10/1975,2014,Steamer,32,132,1,11,12,1,0.263,0.008,0.083,0.091,0.008,-0.923,-0.278,-0.020,-0.404,0.590,-0.137,579
332,Austin Kearns,OF,5/20/1980,2014,Steamer,40,168,3,17,16,2,0.235,0.018,0.101,0.095,0.012,-0.178,0.167,0.086,-0.122,-0.792,-0.141,580
6019,Cody Clark,C,9/14/1981,2014,Steamer,8,33,0,3,3,0,0.209,0.000,0.091,0.091,0.000,-1.472,-0.089,-0.020,-0.897,-2.076,-0.150,581
5277,Tuffy Gosewisch,C,8/17/1983,2014,Steamer,24,100,2,9,9,1,0.229,0.020,0.090,0.090,0.010,-0.023,-0.112,-0.043,-0.246,-1.088,-0.151,582
9871,Bryan Anderson,C,12/16/1986,2014,Steamer,16,67,1,7,6,0,0.227,0.015,0.104,0.090,0.000,-0.391,0.249,-0.054,-0.897,-1.187,-0.153,583
1556,Wil Nieves,C,9/25/1977,2014,Steamer,24,99,1,8,9,1,0.246,0.010,0.081,0.091,0.010,-0.740,-0.341,-0.020,-0.239,-0.249,-0.157,584
3411,Drew Butera,C,8/9/1983,2014,Steamer,8,33,0,3,3,0,0.2,0.000,0.091,0.091,0.000,-1.472,-0.089,-0.020,-0.897,-2.520,-0.165,585
6153,Eduardo Escobar,3B/SS,1/5/1989,2014,Steamer,65,264,3,26,23,5,0.245,0.011,0.098,0.087,0.019,-0.649,0.100,-0.114,0.336,-0.298,-0.165,586
8392,Daniel Descalso,2B/3B,10/19/1986,2014,Steamer,49,202,2,20,18,3,0.247,0.010,0.099,0.089,0.015,-0.755,0.113,-0.065,0.070,-0.200,-0.169,587
8585,Yuniesky Betancourt,SS,1/31/1982,2014,Steamer,32,127,3,11,13,0,0.236,0.024,0.087,0.102,0.000,0.240,-0.197,0.262,-0.897,-0.743,-0.170,588
10416,Wilfredo Tovar,SS,8/11/1991,2014,Steamer,24,101,1,8,8,2,0.238,0.010,0.079,0.079,0.020,-0.755,-0.381,-0.309,0.393,-0.644,-0.171,589
11287,Bryan Holaday,C,11/19/1987,2014,Steamer,49,192,3,20,18,2,0.238,0.016,0.104,0.094,0.010,-0.340,0.241,0.050,-0.219,-0.644,-0.175,590
6589,Sean Rodriguez,2B,4/26/1985,2014,Steamer,66,270,5,28,27,4,0.23,0.019,0.104,0.100,0.015,-0.130,0.230,0.204,0.068,-1.039,-0.180,591
1443,Mark Ellis,2B,6/6/1977,2014,Steamer,51,233,3,26,18,2,0.251,0.013,0.112,0.077,0.009,-0.539,0.427,-0.357,-0.338,-0.002,-0.189,592
9063,Alexi Amarista,2B/OF,4/6/1989,2014,Steamer,51,210,3,18,19,3,0.246,0.014,0.086,0.090,0.014,-0.437,-0.219,-0.031,0.033,-0.249,-0.190,593
11146,Cameron Rupp,C,9/28/1988,2014,Steamer,49,203,5,19,20,1,0.234,0.025,0.094,0.099,0.005,0.313,-0.022,0.167,-0.576,-0.842,-0.195,594
8267,Chris Iannetta,C,4/8/1983,2014,Steamer,73,293,8,33,31,2,0.22,0.027,0.113,0.106,0.007,0.506,0.452,0.347,-0.453,-1.533,-0.199,595
3878,Chris Stewart,C,2/19/1982,2014,Steamer,24,95,1,9,8,1,0.23,0.011,0.095,0.084,0.011,-0.709,0.006,-0.186,-0.212,-1.039,-0.203,596
8609,Tim Federowicz,C,8/5/1987,2014,Steamer,24,98,2,9,9,0,0.228,0.020,0.092,0.092,0.000,0.007,-0.066,0.002,-0.897,-1.138,-0.205,597
9219,Danny Espinosa,2B,4/25/1987,2014,Steamer,36,141,3,12,14,2,0.22,0.021,0.085,0.099,0.014,0.070,-0.234,0.186,0.027,-1.533,-0.209,598
2802,Tony Cruz,C,8/18/1986,2014,Steamer,40,166,2,15,16,1,0.244,0.012,0.090,0.096,0.006,-0.599,-0.103,0.115,-0.505,-0.348,-0.239,599
5273,Sandy Leon,C,3/13/1989,2014,Steamer,18,73,1,6,6,0,0.218,0.014,0.082,0.082,0.000,-0.480,-0.307,-0.236,-0.897,-1.631,-0.259,600
3704,Skip Schumaker,2B/OF,2/3/1980,2014,Steamer,39,165,1,15,13,1,0.257,0.006,0.091,0.079,0.006,-1.033,-0.089,-0.320,-0.502,0.294,-0.272,601
2158,Greg Dobbs,3B,7/2/1978,2014,Steamer,54,224,4,19,21,1,0.246,0.018,0.085,0.094,0.004,-0.178,-0.241,0.050,-0.606,-0.249,-0.274,602
5942,Jesus Sucre,C,4/30/1988,2014,Steamer,32,133,1,12,11,1,0.241,0.008,0.090,0.083,0.008,-0.927,-0.106,-0.223,-0.407,-0.496,-0.287,603
6609,Freddy Galvis,2B,11/14/1989,2014,Steamer,65,266,4,23,25,3,0.243,0.015,0.086,0.094,0.011,-0.383,-0.200,0.055,-0.163,-0.397,-0.289,604
9958,Jeff Bianchi,3B/SS,10/5/1986,2014,Steamer,81,327,4,27,28,6,0.248,0.012,0.083,0.086,0.018,-0.586,-0.297,-0.151,0.298,-0.150,-0.290,605
3442,Dan Uggla,2B,3/11/1980,2014,Steamer,113,473,17,50,53,2,0.212,0.036,0.106,0.112,0.004,1.132,0.280,0.501,-0.622,-1.928,-0.301,606
8623,Donovan Solano,2B,12/17/1987,2014,Steamer,76,315,3,25,27,3,0.261,0.010,0.079,0.086,0.010,-0.782,-0.377,-0.149,-0.277,0.492,-0.344,607
1135,Yorvit Torrealba,C,7/19/1978,2014,Steamer,65,264,4,24,24,1,0.247,0.015,0.091,0.091,0.004,-0.374,-0.089,-0.020,-0.650,-0.200,-0.352,608
7532,Ed Lucas,3B,5/21/1982,2014,Steamer,78,318,5,28,28,3,0.244,0.016,0.088,0.088,0.009,-0.333,-0.161,-0.091,-0.283,-0.348,-0.386,609
4251,Stephen Drew,SS,3/16/1983,2014,Steamer,138,604,13,68,55,6,0.232,0.022,0.113,0.091,0.010,0.087,0.451,-0.017,-0.250,-0.940,-0.404,610
25,Jose Molina,C,6/3/1975,2014,Steamer,57,225,3,22,20,2,0.23,0.013,0.098,0.089,0.009,-0.506,0.082,-0.070,-0.318,-1.039,-0.417,611
1617,Lyle Overbay,1B,1/28/1977,2014,Steamer,113,467,11,46,48,2,0.233,0.024,0.099,0.103,0.004,0.235,0.100,0.273,-0.618,-0.891,-0.421,612
3692,Jack Hannahan,3B,3/4/1980,2014,Steamer,48,190,3,17,17,1,0.227,0.016,0.089,0.089,0.005,-0.328,-0.125,-0.056,-0.554,-1.187,-0.428,613
1829,Koyie Hill,C,3/9/1979,2014,Steamer,24,98,1,7,8,0,0.209,0.010,0.071,0.082,0.000,-0.733,-0.575,-0.249,-0.897,-2.076,-0.444,614
5677,A.J. Ellis,C,4/9/1981,2014,Steamer,130,536,11,52,52,2,0.243,0.021,0.097,0.097,0.004,0.015,0.063,0.130,-0.654,-0.397,-0.452,615
1417,Ramon Santiago,2B/SS,8/31/1979,2014,Steamer,65,260,3,24,22,2,0.241,0.012,0.092,0.085,0.008,-0.636,-0.055,-0.176,-0.396,-0.496,-0.457,616
4952,Ryan Hanigan,C,8/16/1980,2014,Steamer,81,317,3,32,28,1,0.25,0.009,0.101,0.088,0.003,-0.786,0.161,-0.084,-0.692,-0.052,-0.461,617
1429,Nick Punto,2B/3B/SS,11/8/1977,2014,Steamer,49,203,1,20,15,3,0.232,0.005,0.099,0.074,0.015,-1.115,0.101,-0.440,0.065,-0.940,-0.473,618
1126,Cody Ransom,3B/SS,2/17/1976,2014,Steamer,81,333,10,33,35,2,0.208,0.030,0.099,0.105,0.006,0.704,0.115,0.330,-0.506,-2.125,-0.494,619
7515,Jhonatan Solano,C,8/12/1985,2014,Steamer,45,182,2,15,16,1,0.226,0.011,0.082,0.088,0.005,-0.676,-0.301,-0.094,-0.539,-1.236,-0.518,620
6887,Martin Maldonado,C,8/16/1986,2014,Steamer,98,402,10,37,40,2,0.227,0.025,0.092,0.100,0.005,0.330,-0.061,0.192,-0.573,-1.187,-0.522,621
81,Henry Blanco,C,8/29/1971,2014,Steamer,49,196,4,17,18,1,0.212,0.020,0.087,0.092,0.005,0.007,-0.194,0.002,-0.565,-1.928,-0.525,622
9807,Ryan Goins,2B,2/13/1988,2014,Steamer,97,398,4,38,36,5,0.241,0.010,0.095,0.090,0.013,-0.744,0.025,-0.032,-0.079,-0.496,-0.528,623
5519,Ruben Tejada,2B/SS,10/27/1989,2014,Steamer,97,444,2,46,30,5,0.26,0.005,0.104,0.068,0.011,-1.146,0.227,-0.596,-0.164,0.442,-0.549,624
656,Cesar Izturis,SS,2/10/1980,2014,Steamer,49,197,1,16,16,1,0.239,0.005,0.081,0.081,0.005,-1.104,-0.331,-0.260,-0.567,-0.595,-0.563,625
3376,Nick Hundley,C,9/8/1983,2014,Steamer,89,349,8,31,34,2,0.225,0.023,0.089,0.097,0.006,0.189,-0.141,0.140,-0.524,-1.286,-0.566,626
4006,Justin Sellers,SS,2/1/1986,2014,Steamer,57,228,3,19,21,2,0.222,0.013,0.083,0.092,0.009,-0.519,-0.278,0.009,-0.326,-1.434,-0.581,627
5343,Brandon Crawford,SS,1/21/1987,2014,Steamer,146,603,9,55,59,4,0.247,0.015,0.091,0.098,0.007,-0.391,-0.082,0.151,-0.465,-0.200,-0.595,628
1591,Jamey Carroll,2B/3B,2/18/1974,2014,Steamer,133,550,2,52,42,8,0.26,0.004,0.095,0.076,0.015,-1.209,0.001,-0.379,0.050,0.442,-0.602,629
1502,Nick Green,2B/SS,9/10/1978,2014,Steamer,81,337,7,31,32,2,0.223,0.021,0.092,0.095,0.006,0.033,-0.062,0.079,-0.511,-1.385,-0.622,630
6073,Brendan Ryan,SS,3/26/1982,2014,Steamer,89,339,3,32,27,8,0.221,0.009,0.094,0.080,0.024,-0.831,-0.002,-0.298,0.640,-1.483,-0.670,631
2430,Darwin Barney,2B,11/8/1985,2014,Steamer,126,508,5,41,45,5,0.248,0.010,0.081,0.089,0.010,-0.759,-0.344,-0.078,-0.256,-0.150,-0.806,632
3448,Jeff Mathis,C,3/31/1983,2014,Steamer,53,214,4,17,18,1,0.197,0.019,0.079,0.084,0.005,-0.118,-0.376,-0.188,-0.593,-2.668,-0.844,633
10459,Adeiny Hechavarria,SS,4/15/1989,2014,Steamer,130,507,5,38,41,9,0.242,0.010,0.075,0.081,0.018,-0.758,-0.488,-0.268,0.259,-0.447,-0.862,634
1830,Clint Barmes,2B/SS,3/6/1979,2014,Steamer,81,317,5,26,28,1,0.223,0.016,0.082,0.088,0.003,-0.329,-0.311,-0.084,-0.692,-1.385,-0.888,635
