player_id,name,pos,dob,current_team,year,team,g,pa,hr,r,rbi,sb,avg,normal_hr,normal_r,normal_rbi,normal_sb,normal_avg,z_hr,z_r,z_rbi,z_sb,z_avg,value,cost,drafted
10155,Mike Trout,OF,33457,Angels,2014,Steamer,146,663,27,109,89,31,0.308,0.040723982,0.164404223,0.134238311,0.046757164,0.000464555,1.42,1.59,1.02,2.20,-0.51,3.80,48,0
1744,Miguel Cabrera,1B/3B,30424,Tigers,2014,Steamer,148,656,37,105,115,3,0.325,0.056402439,0.160060976,0.175304878,0.004573171,0.000495427,2.48,1.50,1.90,-0.56,-0.51,3.16,40,0
1887,Jose Bautista,3B/OF,29513,Blue Jays,2014,Steamer,130,581,33,88,90,6,0.262,0.056798623,0.151462995,0.154905336,0.010327022,0.000450947,2.51,1.31,1.46,-0.18,-0.51,2.67,34,0
9272,Chris Davis,1B,31488,Orioles,2014,Steamer,146,620,37,86,99,3,0.266,0.059677419,0.138709677,0.159677419,0.00483871,0.000429032,2.70,1.04,1.57,-0.54,-0.51,2.64,33,0
2151,Edwin Encarnacion,3B,30323,Blue Jays,2014,Steamer,148,645,33,92,100,7,0.271,0.051162791,0.142635659,0.15503876,0.010852713,0.000420155,2.13,1.12,1.47,-0.15,-0.51,2.62,33,0
4727,Jacoby Ellsbury,OF,30570,Red Sox,2014,Steamer,146,677,15,92,64,37,0.276,0.022156573,0.135893648,0.094534712,0.05465288,0.000407681,0.17,0.98,0.16,2.72,-0.51,2.38,30,0
1177,Albert Pujols,1B,29236,Angels,2014,Steamer,138,613,30,87,97,4,0.282,0.048939641,0.141924959,0.158238173,0.006525285,0.000460033,1.98,1.11,1.54,-0.43,-0.51,2.26,28,0
4613,Prince Fielder,1B,30811,Tigers,2014,Steamer,146,634,29,92,99,1,0.292,0.045741325,0.14511041,0.15615142,0.001577287,0.000460568,1.76,1.17,1.49,-0.76,-0.51,2.00,25,0
6368,Adam Jones,OF,31260,Orioles,2014,Steamer,133,580,25,73,86,9,0.278,0.043103448,0.125862069,0.148275862,0.015517241,0.00047931,1.58,0.76,1.32,0.16,-0.51,1.92,24,0
9368,Evan Longoria,3B,31327,Rays,2014,Steamer,146,640,30,86,96,2,0.264,0.046875,0.134375,0.15,0.003125,0.0004125,1.84,0.94,1.36,-0.65,-0.51,1.90,24,0
3708,Rajai Davis,OF,29513,Blue Jays,2014,Steamer,97,418,6,49,40,35,0.258,0.014354067,0.11722488,0.09569378,0.083732057,0.000617225,-0.36,0.57,0.18,4.63,-0.51,1.89,24,0
639,Adrian Beltre,3B,28952,Rangers,2014,Steamer,146,633,28,85,101,1,0.296,0.044233807,0.134281201,0.159557662,0.001579779,0.000467615,1.66,0.94,1.56,-0.76,-0.51,1.84,23,0
2090,Alex Rios,OF,29635,Rangers,2014,Steamer,138,595,16,70,75,23,0.268,0.026890756,0.117647059,0.12605042,0.038655462,0.00045042,0.49,0.58,0.84,1.67,-0.51,1.83,23,0
2090,Alex Rios,OF,29635,White Sox,2014,Steamer,138,595,16,70,75,23,0.268,0.026890756,0.117647059,0.12605042,0.038655462,0.00045042,0.49,0.58,0.84,1.67,-0.51,1.83,23,0
11846,Leonys Martin,OF,32208,Rangers,2014,Steamer,130,523,10,65,56,29,0.267,0.019120459,0.124282983,0.10707457,0.055449331,0.000510516,-0.03,0.73,0.43,2.77,-0.51,1.77,22,0
1572,Coco Crisp,OF,29160,Athletics,2014,Steamer,130,598,15,81,59,25,0.261,0.025083612,0.135451505,0.098662207,0.04180602,0.000436455,0.37,0.97,0.25,1.88,-0.51,1.77,22,0
6876,Mark Trumbo,1B/OF,31428,Angels,2014,Steamer,132,560,27,68,82,5,0.254,0.048214286,0.121428571,0.146428571,0.008928571,0.000453571,1.93,0.66,1.28,-0.27,-0.51,1.73,22,0
10071,Jonathan Villar,SS,33360,Astros,2014,Steamer,122,527,10,61,47,33,0.243,0.018975332,0.115749526,0.089184061,0.062618596,0.000461101,-0.04,0.54,0.04,3.24,-0.51,1.73,22,0
13110,Yoenis Cespedes,OF,31338,Athletics,2014,Steamer,122,529,22,66,76,9,0.261,0.041587902,0.124763705,0.143667297,0.017013233,0.000493384,1.48,0.74,1.22,0.26,-0.51,1.69,21,0
6195,Ian Kinsler,2B,30124,Rangers,2014,Steamer,146,676,19,93,71,19,0.261,0.028106509,0.137573964,0.105029586,0.028106509,0.000386095,0.57,1.01,0.38,0.98,-0.51,1.65,21,0
319,Adam Dunn,1B/OF,29168,White Sox,2014,Steamer,136,592,30,75,80,2,0.216,0.050675676,0.126689189,0.135135135,0.003378378,0.000364865,2.10,0.78,1.04,-0.64,-0.51,1.63,21,0
745,David Ortiz,DH,27716,Red Sox,2014,Steamer,130,562,24,79,85,2,0.285,0.042704626,0.140569395,0.151245552,0.003558719,0.000507117,1.56,1.08,1.38,-0.63,-0.51,1.62,20,0
847,Alfonso Soriano,2B/OF,27766,Yankees,2014,Steamer,130,558,23,65,76,10,0.238,0.041218638,0.116487455,0.136200717,0.017921147,0.000426523,1.46,0.56,1.06,0.31,-0.51,1.61,20,0
9776,Jason Kipnis,2B,31870,Indians,2014,Steamer,138,618,15,78,69,22,0.262,0.024271845,0.126213592,0.111650485,0.035598706,0.000423948,0.31,0.77,0.53,1.47,-0.51,1.59,20,0
2434,Nelson Cruz,OF,29403,Rangers,2014,Steamer,130,548,25,66,77,6,0.254,0.045620438,0.120437956,0.140510949,0.010948905,0.000463504,1.75,0.64,1.15,-0.14,-0.51,1.59,20,0
1281,Mark Teixeira,1B,29322,Yankees,2014,Steamer,130,566,26,74,80,3,0.247,0.045936396,0.130742049,0.141342756,0.005300353,0.000436396,1.78,0.86,1.17,-0.51,-0.51,1.58,20,0
3516,Eric Hosmer,1B,32805,Royals,2014,Steamer,148,643,21,83,85,11,0.288,0.032659409,0.129082426,0.132192846,0.017107309,0.0004479,0.88,0.83,0.97,0.26,-0.51,1.56,20,0
4747,Curtis Granderson,OF,29661,Yankees,2014,Steamer,133,581,24,71,68,11,0.228,0.04130809,0.122203098,0.117039587,0.018932874,0.000392427,1.46,0.68,0.64,0.38,-0.51,1.55,19,0
10047,Wil Myers,OF,33217,Rays,2014,Steamer,146,625,24,77,83,8,0.264,0.0384,0.1232,0.1328,0.0128,0.0004224,1.27,0.70,0.98,-0.02,-0.51,1.52,19,0
3269,Robinson Cano,2B,30246,Yankees,2014,Steamer,146,644,24,86,90,4,0.292,0.037267081,0.133540373,0.139751553,0.00621118,0.000453416,1.19,0.92,1.14,-0.45,-0.51,1.47,19,0
1875,Josh Hamilton,OF,29727,Angels,2014,Steamer,138,602,24,77,85,4,0.263,0.03986711,0.127906977,0.141196013,0.006644518,0.000436877,1.37,0.80,1.17,-0.42,-0.51,1.45,18,0
1965,Desmond Jennings,OF,31715,Rays,2014,Steamer,138,624,15,80,59,23,0.247,0.024038462,0.128205128,0.094551282,0.036858974,0.000395833,0.30,0.81,0.16,1.56,-0.51,1.44,18,0
9911,Chris Carter,1B/OF,31764,Astros,2014,Steamer,118,504,25,64,71,2,0.235,0.049603175,0.126984127,0.140873016,0.003968254,0.00046627,2.02,0.78,1.16,-0.60,-0.51,1.44,18,0
7002,Will Middlebrooks,3B,32395,Red Sox,2014,Steamer,122,491,22,60,69,5,0.261,0.044806517,0.122199593,0.140529532,0.010183299,0.000531568,1.70,0.68,1.15,-0.19,-0.51,1.39,18,0
5247,Brett Lawrie,3B,32891,Blue Jays,2014,Steamer,130,553,17,70,68,13,0.274,0.03074141,0.126582278,0.122965642,0.023508137,0.000495479,0.75,0.77,0.77,0.68,-0.51,1.37,17,0
5417,Jose Altuve,2B,32999,Astros,2014,Steamer,143,650,9,79,62,29,0.288,0.013846154,0.121538462,0.095384615,0.044615385,0.000443077,-0.39,0.67,0.18,2.06,-0.51,1.31,16,0
1736,Jose Reyes,SS,30478,Blue Jays,2014,Steamer,130,600,10,82,58,23,0.29,0.016666667,0.136666667,0.096666667,0.038333333,0.000483333,-0.20,0.99,0.20,1.65,-0.51,1.28,16,0
8027,Adam Lind,1B/DH/OF,30514,Blue Jays,2014,Steamer,138,592,24,75,84,1,0.265,0.040540541,0.126689189,0.141891892,0.001689189,0.000447635,1.41,0.78,1.18,-0.75,-0.51,1.25,16,0
4467,Brandon Moss,1B/OF,30575,Athletics,2014,Steamer,105,444,21,55,62,3,0.244,0.047297297,0.123873874,0.13963964,0.006756757,0.00054955,1.87,0.72,1.13,-0.42,-0.51,1.24,16,0
1677,Shane Victorino,OF,29555,Red Sox,2014,Steamer,113,511,11,68,56,17,0.272,0.021526419,0.133072407,0.109589041,0.033268102,0.00053229,0.13,0.91,0.48,1.32,-0.51,1.20,15,0
8610,Kendrys Morales,1B/DH,30487,Mariners,2014,Steamer,146,632,25,76,89,1,0.275,0.039556962,0.120253165,0.140822785,0.001582278,0.000435127,1.35,0.64,1.16,-0.76,-0.51,1.19,15,0
9927,Brett Gardner,OF,30552,Yankees,2014,Steamer,146,655,9,83,54,29,0.26,0.013740458,0.126717557,0.082442748,0.044274809,0.000396947,-0.40,0.78,-0.10,2.04,-0.51,1.19,15,0
5038,Josh Donaldson,3B,31389,Athletics,2014,Steamer,146,620,22,78,80,5,0.271,0.035483871,0.125806452,0.129032258,0.008064516,0.000437097,1.07,0.76,0.90,-0.33,-0.51,1.17,15,0
11200,Kole Calhoun,OF,32064,Angels,2014,Steamer,122,520,16,66,64,10,0.274,0.030769231,0.126923077,0.123076923,0.019230769,0.000526923,0.75,0.78,0.77,0.40,-0.51,1.15,14,0
3892,Josh Reddick,OF,31827,Athletics,2014,Steamer,118,498,19,59,63,7,0.239,0.03815261,0.118473896,0.126506024,0.014056225,0.00047992,1.25,0.60,0.85,0.06,-0.51,1.12,14,0
9893,Colby Rasmus,OF,31635,Blue Jays,2014,Steamer,122,514,21,65,67,3,0.248,0.040856031,0.126459144,0.130350195,0.005836576,0.00048249,1.43,0.77,0.93,-0.48,-0.51,1.11,14,0
3057,Mike Napoli,C/1B,29890,Red Sox,2014,Steamer,113,472,20,61,64,2,0.245,0.042372881,0.129237288,0.13559322,0.004237288,0.000519068,1.54,0.83,1.05,-0.58,-0.51,1.10,14,0
9981,Michael Saunders,OF,31735,Mariners,2014,Steamer,139,584,16,66,61,16,0.231,0.02739726,0.113013699,0.104452055,0.02739726,0.000395548,0.52,0.48,0.37,0.94,-0.51,1.05,13,0
4599,Nick Swisher,1B/OF,29550,Indians,2014,Steamer,144,629,23,82,79,2,0.255,0.036565978,0.13036566,0.125596184,0.00317965,0.000405405,1.14,0.86,0.83,-0.65,-0.51,1.05,13,0
2103,Josh Willingham,OF,28903,Twins,2014,Steamer,139,607,24,74,77,2,0.232,0.039538715,0.121911038,0.126853377,0.003294893,0.000382208,1.34,0.67,0.86,-0.64,-0.51,1.05,13,0
5209,Alex Gordon,3B/OF,30722,Royals,2014,Steamer,144,661,18,89,72,10,0.274,0.027231467,0.134644478,0.10892587,0.015128593,0.000414523,0.51,0.95,0.47,0.13,-0.51,1.03,13,0
3882,Chris Young,OF,30564,Athletics,2014,Steamer,126,536,17,59,58,13,0.225,0.031716418,0.110074627,0.108208955,0.024253731,0.000419776,0.82,0.42,0.45,0.73,-0.51,1.02,13,0
6387,Michael Bourn,OF,30312,Indians,2014,Steamer,138,640,6,80,48,31,0.26,0.009375,0.125,0.075,0.0484375,0.00040625,-0.69,0.74,-0.27,2.31,-0.51,1.02,13,0
3353,Matt Joyce,OF,30897,Rays,2014,Steamer,105,454,16,58,56,6,0.249,0.035242291,0.127753304,0.123348018,0.013215859,0.000548458,1.05,0.80,0.78,0.01,-0.51,0.97,12,0
3086,Mitch Moreland,1B,31296,Rangers,2014,Steamer,138,552,21,67,72,2,0.253,0.038043478,0.121376812,0.130434783,0.003623188,0.000458333,1.24,0.66,0.93,-0.62,-0.51,0.94,12,0
10306,Oswaldo Arcia,OF,33367,Twins,2014,Steamer,122,504,19,59,65,4,0.261,0.037698413,0.117063492,0.128968254,0.007936508,0.000517857,1.22,0.57,0.90,-0.34,-0.51,0.93,12,0
8709,Elvis Andrus,SS,32381,Rangers,2014,Steamer,146,662,5,82,57,29,0.274,0.00755287,0.123867069,0.086102719,0.043806647,0.000413897,-0.81,0.72,-0.03,2.01,-0.51,0.91,11,0
7399,Billy Butler,1B/DH,31520,Royals,2014,Steamer,148,648,20,84,88,1,0.293,0.030864198,0.12962963,0.135802469,0.00154321,0.00045216,0.76,0.84,1.05,-0.76,-0.51,0.90,11,0
2396,Carlos Santana,C,31510,Indians,2014,Steamer,146,623,20,78,77,4,0.252,0.032102729,0.125200642,0.123595506,0.006420546,0.000404494,0.84,0.74,0.79,-0.44,-0.51,0.89,11,0
8370,Dustin Pedroia,2B,30545,Red Sox,2014,Steamer,138,618,12,79,72,13,0.288,0.019417476,0.127831715,0.116504854,0.021035599,0.000466019,-0.01,0.80,0.63,0.52,-0.51,0.88,11,0
3371,Alejandro De Aza,OF,30783,White Sox,2014,Steamer,113,524,11,66,47,17,0.265,0.020992366,0.125954198,0.089694656,0.032442748,0.000505725,0.09,0.76,0.05,1.27,-0.51,0.87,11,0
3190,Nate McLouth,OF,29887,Orioles,2014,Steamer,115,509,11,58,46,18,0.241,0.021611002,0.113948919,0.090373281,0.035363458,0.000473477,0.13,0.50,0.07,1.46,-0.51,0.84,11,0
9785,Kyle Seager,3B,32084,Mariners,2014,Steamer,146,638,18,75,76,8,0.262,0.028213166,0.117554859,0.119122257,0.012539185,0.000410658,0.58,0.58,0.69,-0.04,-0.51,0.83,10,0
7435,Ben Zobrist,2B/OF,29732,Rays,2014,Steamer,147,658,16,83,74,10,0.264,0.024316109,0.126139818,0.112462006,0.015197568,0.000401216,0.32,0.77,0.55,0.14,-0.51,0.83,10,0
9328,Drew Stubbs,OF,30959,Indians,2014,Steamer,67,279,8,34,29,11,0.251,0.028673835,0.121863799,0.103942652,0.039426523,0.000899642,0.61,0.67,0.36,1.72,-0.50,0.80,10,0
12775,Brad Miller,SS,32799,Mariners,2014,Steamer,138,628,14,80,60,14,0.268,0.022292994,0.127388535,0.095541401,0.022292994,0.000426752,0.18,0.79,0.18,0.60,-0.51,0.78,10,0
697,J.P. Arencibia,C,31417,Blue Jays,2014,Steamer,89,361,16,41,48,2,0.222,0.04432133,0.113573407,0.132963989,0.005540166,0.000614958,1.67,0.49,0.99,-0.50,-0.51,0.78,10,0
3917,Dayan Viciedo,OF,32577,White Sox,2014,Steamer,96,390,16,46,52,1,0.266,0.041025641,0.117948718,0.133333333,0.002564103,0.000682051,1.44,0.59,1.00,-0.69,-0.51,0.71,9,0
5760,Avisail Garcia,OF,33401,Tigers,2014,Steamer,120,490,13,54,56,10,0.278,0.026530612,0.110204082,0.114285714,0.020408163,0.000567347,0.47,0.42,0.58,0.48,-0.51,0.71,9,0
5760,Avisail Garcia,OF,33401,White Sox,2014,Steamer,120,490,13,54,56,10,0.278,0.026530612,0.110204082,0.114285714,0.020408163,0.000567347,0.47,0.42,0.58,0.48,-0.51,0.71,9,0
2234,Kelly Johnson,2B,30004,Rays,2014,Steamer,113,481,15,55,52,8,0.231,0.031185031,0.114345114,0.108108108,0.016632017,0.000480249,0.78,0.51,0.45,0.23,-0.51,0.70,9,0
4866,Jarrod Dyson,OF,30909,Royals,2014,Steamer,45,187,1,21,16,16,0.252,0.005347594,0.112299465,0.085561497,0.085561497,0.001347594,-0.96,0.47,-0.04,4.75,-0.50,0.70,9,0
1737,Justin Morneau,1B,29721,Twins,2014,Steamer,113,491,16,61,66,1,0.275,0.032586558,0.124236253,0.134419552,0.00203666,0.000560081,0.87,0.72,1.02,-0.73,-0.51,0.68,9,0
9848,Austin Jackson,OF,31809,Tigers,2014,Steamer,138,642,13,88,60,12,0.275,0.020249221,0.137071651,0.093457944,0.018691589,0.000428349,0.04,1.00,0.13,0.37,-0.51,0.66,8,0
4298,Matt Wieters,C,31553,Orioles,2014,Steamer,122,507,18,58,62,2,0.249,0.035502959,0.114398422,0.122287968,0.003944773,0.000491124,1.07,0.51,0.76,-0.60,-0.51,0.62,8,0
731,Torii Hunter,OF,27593,Tigers,2014,Steamer,138,620,17,78,73,4,0.277,0.027419355,0.125806452,0.117741935,0.006451613,0.000446774,0.53,0.76,0.66,-0.44,-0.51,0.62,8,0
12161,Xander Bogaerts,3B/SS,33878,Red Sox,2014,Steamer,138,558,14,65,64,8,0.261,0.025089606,0.116487455,0.114695341,0.014336918,0.000467742,0.37,0.56,0.59,0.08,-0.51,0.61,8,0
9054,Justin Smoak,1B,31751,Mariners,2014,Steamer,138,577,21,66,68,1,0.231,0.036395147,0.114384749,0.117850953,0.001733102,0.000400347,1.13,0.51,0.66,-0.75,-0.51,0.61,8,0
3797,J.J. Hardy,SS,30182,Orioles,2014,Steamer,144,617,21,71,72,2,0.254,0.034035656,0.115072934,0.116693679,0.003241491,0.000411669,0.97,0.53,0.64,-0.65,-0.51,0.60,8,0
4892,Mike Moustakas,3B,32397,Royals,2014,Steamer,113,470,15,53,58,4,0.257,0.031914894,0.112765957,0.123404255,0.008510638,0.000546809,0.83,0.48,0.78,-0.30,-0.51,0.60,8,0
7462,Trevor Plouffe,3B,31578,Twins,2014,Steamer,122,508,18,56,60,3,0.243,0.035433071,0.11023622,0.118110236,0.005905512,0.000478346,1.07,0.42,0.67,-0.47,-0.51,0.60,8,0
5133,Alexei Ramirez,SS,29851,White Sox,2014,Steamer,143,616,10,66,62,18,0.271,0.016233766,0.107142857,0.100649351,0.029220779,0.000439935,-0.23,0.36,0.29,1.06,-0.51,0.59,7,0
4962,Asdrubal Cabrera,SS,31364,Indians,2014,Steamer,118,524,13,62,59,8,0.259,0.02480916,0.118320611,0.11259542,0.015267176,0.000494275,0.35,0.60,0.55,0.14,-0.51,0.59,7,0
9627,Yan Gomes,C,31977,Indians,2014,Steamer,117,467,15,54,58,3,0.26,0.032119914,0.115631692,0.124197002,0.006423983,0.000556745,0.84,0.54,0.80,-0.44,-0.51,0.58,7,0
11493,Manny Machado,3B,33791,Orioles,2014,Steamer,105,471,12,58,52,7,0.268,0.025477707,0.123142251,0.110403397,0.014861996,0.000569002,0.40,0.70,0.50,0.11,-0.51,0.57,7,0
7571,Lonnie Chisenhall,3B,32420,Indians,2014,Steamer,105,419,14,48,52,3,0.257,0.033412888,0.114558473,0.124105012,0.007159905,0.000613365,0.93,0.52,0.80,-0.39,-0.51,0.56,7,0
12984,Jackie Bradley,OF,32982,Red Sox,2014,Steamer,97,392,8,47,42,10,0.256,0.020408163,0.119897959,0.107142857,0.025510204,0.000653061,0.05,0.63,0.43,0.81,-0.51,0.56,7,0
1845,Jonny Gomes,DH/OF,29547,Red Sox,2014,Steamer,89,378,13,47,46,2,0.246,0.034391534,0.124338624,0.121693122,0.005291005,0.000650794,1.00,0.73,0.74,-0.51,-0.51,0.55,7,0
10815,Jurickson Profar,2B,34020,Rangers,2014,Steamer,146,594,12,69,62,12,0.248,0.02020202,0.116161616,0.104377104,0.02020202,0.000417508,0.04,0.55,0.37,0.46,-0.51,0.54,7,0
6867,Derek Norris,C,32553,Athletics,2014,Steamer,86,350,11,41,40,5,0.232,0.031428571,0.117142857,0.114285714,0.014285714,0.000662857,0.80,0.57,0.58,0.08,-0.51,0.53,7,0
9571,Craig Gentry,OF,30649,Rangers,2014,Steamer,81,322,3,35,29,16,0.259,0.00931677,0.108695652,0.090062112,0.049689441,0.000804348,-0.70,0.39,0.06,2.40,-0.51,0.53,7,0
5486,Abraham Almonte,OF,32686,Mariners,2014,Steamer,78,334,6,38,32,12,0.251,0.017964072,0.113772455,0.095808383,0.035928144,0.000751497,-0.11,0.50,0.18,1.49,-0.51,0.52,7,0
6035,David Murphy,OF,29877,Rangers,2014,Steamer,113,463,12,54,54,6,0.266,0.025917927,0.11663067,0.11663067,0.012958963,0.000574514,0.42,0.56,0.64,-0.01,-0.51,0.51,6,0
2578,Peter Bourjos,OF,31867,Angels,2014,Steamer,130,533,11,58,56,12,0.254,0.020637899,0.108818011,0.105065666,0.022514071,0.000476548,0.07,0.39,0.39,0.62,-0.51,0.51,6,0
5305,Alex Presley,OF,31253,Twins,2014,Steamer,97,433,8,52,41,12,0.267,0.018475751,0.120092379,0.094688222,0.027713626,0.000616628,-0.08,0.63,0.16,0.96,-0.51,0.51,6,0
4903,Matt Dominguez,3B,32748,Astros,2014,Steamer,138,559,18,62,68,2,0.255,0.032200358,0.110912343,0.121645796,0.003577818,0.000456172,0.85,0.44,0.74,-0.63,-0.51,0.50,6,0
2218,Ryan Raburn,OF,29693,Indians,2014,Steamer,81,332,12,39,41,2,0.247,0.036144578,0.11746988,0.123493976,0.006024096,0.000743976,1.11,0.58,0.78,-0.46,-0.51,0.50,6,0
4022,Melky Cabrera,OF,30905,Blue Jays,2014,Steamer,122,549,11,70,60,8,0.285,0.02003643,0.127504554,0.109289617,0.014571949,0.000519126,0.03,0.79,0.48,0.10,-0.51,0.49,6,0
607,Raul Ibanez,OF,26452,Mariners,2014,Steamer,113,475,16,54,59,1,0.24,0.033684211,0.113684211,0.124210526,0.002105263,0.000505263,0.95,0.50,0.80,-0.72,-0.51,0.48,6,0
7577,Marc Krauss,DH/OF,32055,Astros,2014,Steamer,97,399,12,45,45,5,0.24,0.030075188,0.112781955,0.112781955,0.012531328,0.000601504,0.71,0.48,0.55,-0.04,-0.51,0.47,6,0
393,Victor Martinez,C,28847,Tigers,2014,Steamer,138,583,15,71,74,2,0.293,0.025728988,0.121783877,0.126929674,0.003430532,0.000502573,0.41,0.67,0.86,-0.63,-0.51,0.47,6,0
4229,Howie Kendrick,2B,30509,Angels,2014,Steamer,146,618,13,69,71,9,0.276,0.021035599,0.111650485,0.114886731,0.014563107,0.000446602,0.10,0.45,0.60,0.09,-0.51,0.45,6,0
9077,Lorenzo Cain,OF,31515,Royals,2014,Steamer,113,481,8,53,49,13,0.265,0.016632017,0.11018711,0.101871102,0.027027027,0.000550936,-0.20,0.42,0.32,0.91,-0.51,0.45,6,0
13051,Chris Colabello,1B,30613,Twins,2014,Steamer,81,331,12,37,40,2,0.252,0.036253776,0.111782477,0.120845921,0.006042296,0.000761329,1.12,0.46,0.73,-0.46,-0.51,0.44,6,0
9810,Brian Dozier,2B/SS,31912,Twins,2014,Steamer,122,531,11,59,51,12,0.244,0.020715631,0.111111111,0.096045198,0.02259887,0.00045951,0.07,0.44,0.19,0.62,-0.51,0.43,5,0
8722,Jason Castro,C,31946,Astros,2014,Steamer,138,592,17,68,69,3,0.25,0.028716216,0.114864865,0.116554054,0.005067568,0.000422297,0.61,0.52,0.63,-0.53,-0.51,0.43,5,0
5254,Robbie Grossman,OF,32767,Astros,2014,Steamer,109,492,7,58,40,16,0.247,0.014227642,0.117886179,0.081300813,0.032520325,0.000502033,-0.36,0.59,-0.13,1.27,-0.51,0.42,5,0
7480,Mike Carp,1B/OF,31593,Red Sox,2014,Steamer,57,236,8,29,30,2,0.26,0.033898305,0.122881356,0.127118644,0.008474576,0.001101695,0.96,0.69,0.86,-0.30,-0.50,0.41,5,0
7304,Salvador Perez,C,33003,Royals,2014,Steamer,122,510,14,60,66,1,0.291,0.02745098,0.117647059,0.129411765,0.001960784,0.000570588,0.53,0.58,0.91,-0.73,-0.51,0.40,5,0
4082,Erick Aybar,SS,30695,Angels,2014,Steamer,138,592,8,68,58,15,0.274,0.013513514,0.114864865,0.097972973,0.025337838,0.000462838,-0.41,0.52,0.23,0.80,-0.51,0.38,5,0
4106,Michael Brantley,OF,31912,Indians,2014,Steamer,122,524,8,60,54,12,0.278,0.015267176,0.114503817,0.103053435,0.022900763,0.000530534,-0.29,0.51,0.34,0.64,-0.51,0.36,5,0
3707,Geovany Soto,C,30336,Rangers,2014,Steamer,81,327,11,37,38,2,0.226,0.033639144,0.113149847,0.116207951,0.006116208,0.000691131,0.95,0.49,0.63,-0.46,-0.51,0.36,4,0
12434,Kevin Pillar,OF,32512,Blue Jays,2014,Steamer,65,259,4,28,27,9,0.264,0.015444015,0.108108108,0.104247104,0.034749035,0.001019305,-0.28,0.38,0.37,1.42,-0.50,0.36,4,0
5097,Anthony Gose,OF,33095,Blue Jays,2014,Steamer,40,164,2,17,15,9,0.233,0.012195122,0.103658537,0.091463415,0.054878049,0.001420732,-0.50,0.28,0.09,2.74,-0.50,0.35,4,0
10166,Nick Franklin,2B,33299,Mariners,2014,Steamer,75,322,8,37,33,6,0.24,0.02484472,0.114906832,0.102484472,0.01863354,0.000745342,0.35,0.52,0.33,0.36,-0.51,0.34,4,0
12533,Marcus Semien,3B,33133,White Sox,2014,Steamer,49,200,5,23,22,5,0.248,0.025,0.115,0.11,0.025,0.00124,0.36,0.53,0.49,0.78,-0.50,0.33,4,0
7476,Alex Avila,C,31806,Tigers,2014,Steamer,105,420,12,50,48,2,0.246,0.028571429,0.119047619,0.114285714,0.004761905,0.000585714,0.60,0.61,0.58,-0.55,-0.51,0.31,4,0
242,Paul Konerko,1B,27824,White Sox,2014,Steamer,71,308,10,37,39,0,0.268,0.032467532,0.12012987,0.126623377,0,0.00087013,0.87,0.64,0.85,-0.86,-0.50,0.31,4,0
6827,Justin Maxwell,OF,30626,Royals,2014,Steamer,39,163,5,19,19,3,0.235,0.030674847,0.116564417,0.116564417,0.018404908,0.001441718,0.75,0.56,0.63,0.35,-0.50,0.29,4,0
6827,Justin Maxwell,OF,30626,Astros,2014,Steamer,39,163,5,19,19,3,0.235,0.030674847,0.116564417,0.116564417,0.018404908,0.001441718,0.75,0.56,0.63,0.35,-0.50,0.29,4,0
9957,Steve Pearce,1B/OF,30419,Orioles,2014,Steamer,62,250,7,30,28,3,0.254,0.028,0.12,0.112,0.012,0.001016,0.57,0.63,0.54,-0.07,-0.50,0.29,4,0
5557,Jarrod Saltalamacchia,C,31169,Red Sox,2014,Steamer,105,425,14,42,47,3,0.226,0.032941176,0.098823529,0.110588235,0.007058824,0.000531765,0.90,0.18,0.50,-0.40,-0.51,0.29,4,0
6453,Andy Dirks,OF,31436,Tigers,2014,Steamer,76,327,8,39,36,4,0.266,0.024464832,0.119266055,0.110091743,0.012232416,0.000813456,0.33,0.62,0.49,-0.06,-0.50,0.29,4,0
6310,Alcides Escobar,SS,31762,Royals,2014,Steamer,138,574,5,61,52,19,0.258,0.008710801,0.106271777,0.090592334,0.033101045,0.000449477,-0.74,0.34,0.07,1.31,-0.51,0.27,3,0
629,Brandon Barnes,OF,31547,Astros,2014,Steamer,43,176,4,19,19,5,0.253,0.022727273,0.107954545,0.107954545,0.028409091,0.0014375,0.21,0.37,0.45,1.00,-0.50,0.27,3,0
9134,Tyler Flowers,C,31436,White Sox,2014,Steamer,49,191,7,21,21,2,0.209,0.036649215,0.109947644,0.109947644,0.010471204,0.001094241,1.15,0.42,0.49,-0.17,-0.50,0.26,3,0
7888,Ryan Flaherty,2B,31620,Orioles,2014,Steamer,91,358,11,38,39,3,0.232,0.030726257,0.106145251,0.108938547,0.008379888,0.000648045,0.75,0.33,0.47,-0.31,-0.51,0.26,3,0
1101,Ichiro Suzuki,OF,26959,Yankees,2014,Steamer,81,353,4,38,32,12,0.28,0.011331445,0.107648725,0.090651558,0.033994334,0.000793201,-0.56,0.37,0.07,1.37,-0.51,0.26,3,0
7215,David Lough,OF,31432,Royals,2014,Steamer,105,444,8,47,44,10,0.266,0.018018018,0.105855856,0.099099099,0.022522523,0.000599099,-0.11,0.33,0.26,0.62,-0.51,0.26,3,0
2161,Jason Kubel,DH/OF,30096,Indians,2014,Steamer,78,326,10,36,37,2,0.232,0.030674847,0.110429448,0.113496933,0.006134969,0.000711656,0.75,0.43,0.57,-0.46,-0.51,0.25,3,0
4418,Jed Lowrie,SS,30789,Athletics,2014,Steamer,122,536,13,64,62,2,0.264,0.024253731,0.119402985,0.115671642,0.003731343,0.000492537,0.31,0.62,0.61,-0.62,-0.51,0.23,3,0
13265,Mike Zunino,C,33322,Mariners,2014,Steamer,113,454,14,48,50,2,0.225,0.030837004,0.105726872,0.110132159,0.004405286,0.000495595,0.76,0.33,0.49,-0.57,-0.51,0.23,3,0
5297,Aaron Hicks,OF,32783,Twins,2014,Steamer,57,230,4,24,22,7,0.226,0.017391304,0.104347826,0.095652174,0.030434783,0.000982609,-0.15,0.30,0.18,1.13,-0.50,0.22,3,0
1857,Joe Mauer,C,30425,Twins,2014,Steamer,146,654,14,83,72,3,0.297,0.021406728,0.126911315,0.110091743,0.004587156,0.000454128,0.12,0.78,0.49,-0.56,-0.51,0.21,3,0
8385,Pedro Florimon,SS,31756,Twins,2014,Steamer,105,405,6,39,35,13,0.229,0.014814815,0.096296296,0.086419753,0.032098765,0.000565432,-0.32,0.12,-0.02,1.24,-0.51,0.21,3,0
7250,Collin Cowgill,OF,31554,Angels,2014,Steamer,40,173,4,20,17,4,0.249,0.023121387,0.115606936,0.098265896,0.023121387,0.001439306,0.24,0.54,0.24,0.66,-0.50,0.20,3,0
11737,Nick Castellanos,OF,33667,Tigers,2014,Steamer,130,538,12,60,59,5,0.265,0.022304833,0.111524164,0.109665428,0.00929368,0.000492565,0.18,0.45,0.48,-0.25,-0.51,0.19,2,0
5986,Mike Aviles,2B/SS,29658,Indians,2014,Steamer,45,187,4,20,20,4,0.255,0.021390374,0.106951872,0.106951872,0.021390374,0.001363636,0.12,0.35,0.43,0.54,-0.50,0.18,2,0
2881,Scott Sizemore,2B/3B,31051,Athletics,2014,Steamer,57,234,5,27,24,4,0.254,0.021367521,0.115384615,0.102564103,0.017094017,0.00108547,0.12,0.53,0.33,0.26,-0.50,0.17,2,0
9414,Quintin Berry,OF,31007,Red Sox,2014,Steamer,29,127,1,13,9,7,0.222,0.007874016,0.102362205,0.070866142,0.05511811,0.001748031,-0.79,0.25,-0.35,2.75,-0.49,0.17,2,0
4918,Engel Beltre,OF,32813,Rangers,2014,Steamer,40,167,2,17,17,6,0.253,0.011976048,0.101796407,0.101796407,0.035928144,0.00151497,-0.52,0.24,0.31,1.49,-0.50,0.17,2,0
7927,Eric Sogard,2B,31554,Athletics,2014,Steamer,73,287,4,31,27,8,0.263,0.013937282,0.108013937,0.094076655,0.027874564,0.000916376,-0.38,0.37,0.15,0.97,-0.50,0.17,2,0
8267,Chris Iannetta,C,30414,Angels,2014,Steamer,73,288,8,34,30,2,0.22,0.027777778,0.118055556,0.104166667,0.006944444,0.000763889,0.55,0.59,0.37,-0.40,-0.51,0.17,2,0
5506,George Kottaras,C,30446,Royals,2014,Steamer,55,219,7,23,23,2,0.219,0.03196347,0.105022831,0.105022831,0.00913242,0.001,0.83,0.31,0.38,-0.26,-0.50,0.17,2,0
6732,Zoilo Almonte,OF,32669,Yankees,2014,Steamer,24,102,3,11,12,2,0.262,0.029411765,0.107843137,0.117647059,0.019607843,0.002568627,0.66,0.37,0.66,0.43,-0.49,0.17,2,0
6582,Nate Freiman,1B,31777,Athletics,2014,Steamer,65,270,8,30,31,1,0.259,0.02962963,0.111111111,0.114814815,0.003703704,0.000959259,0.68,0.44,0.60,-0.62,-0.50,0.16,2,0
6050,Moises Sierra,OF,32410,Blue Jays,2014,Steamer,32,134,4,14,15,2,0.245,0.029850746,0.104477612,0.111940299,0.014925373,0.001828358,0.69,0.30,0.53,0.12,-0.49,0.15,2,0
2505,Hank Conger,C,32171,Angels,2014,Steamer,97,388,10,43,44,2,0.245,0.025773196,0.110824742,0.113402062,0.005154639,0.000631443,0.42,0.44,0.57,-0.52,-0.51,0.15,2,0
9308,Josh Phegley,C,32185,White Sox,2014,Steamer,97,379,9,40,41,4,0.247,0.023746702,0.105540897,0.10817942,0.01055409,0.000651715,0.28,0.32,0.45,-0.17,-0.51,0.14,2,0
5278,Pedro Ciriaco,3B/SS,31317,Red Sox,2014,Steamer,42,172,2,18,16,6,0.259,0.011627907,0.104651163,0.093023256,0.034883721,0.001505814,-0.54,0.30,0.12,1.43,-0.50,0.14,2,0
5278,Pedro Ciriaco,3B/SS,31317,Royals,2014,Steamer,42,172,2,18,16,6,0.259,0.011627907,0.104651163,0.093023256,0.034883721,0.001505814,-0.54,0.30,0.12,1.43,-0.50,0.14,2,0
8760,Carlos Peguero,OF,31830,Mariners,2014,Steamer,11,46,2,5,6,1,0.246,0.043478261,0.108695652,0.130434783,0.02173913,0.005347826,1.61,0.39,0.93,0.56,-0.46,0.14,2,0
5913,Leury Garcia,2B,33315,Rangers,2014,Steamer,28,116,1,11,9,6,0.236,0.00862069,0.094827586,0.077586207,0.051724138,0.002034483,-0.74,0.09,-0.21,2.53,-0.49,0.14,2,0
5913,Leury Garcia,2B,33315,White Sox,2014,Steamer,28,116,1,11,9,6,0.236,0.00862069,0.094827586,0.077586207,0.051724138,0.002034483,-0.74,0.09,-0.21,2.53,-0.49,0.14,2,0
7316,Darin Mastroianni,OF,31285,Twins,2014,Steamer,39,166,1,16,13,8,0.238,0.006024096,0.096385542,0.078313253,0.048192771,0.001433735,-0.92,0.12,-0.19,2.30,-0.50,0.14,2,0
2073,Jeff Baker,2B,29758,Rangers,2014,Steamer,58,235,7,23,26,2,0.247,0.029787234,0.09787234,0.110638298,0.008510638,0.001051064,0.69,0.16,0.51,-0.30,-0.50,0.13,2,0
9015,Gordon Beckham,2B,31671,White Sox,2014,Steamer,97,398,9,45,41,4,0.255,0.022613065,0.113065327,0.103015075,0.010050251,0.000640704,0.20,0.48,0.34,-0.20,-0.51,0.13,2,0
166,Brian Roberts,2B,28407,Orioles,2014,Steamer,73,305,6,35,29,5,0.251,0.019672131,0.114754098,0.095081967,0.016393443,0.000822951,0.00,0.52,0.17,0.21,-0.50,0.12,2,0
11265,Jonathan Schoop,2B,33527,Orioles,2014,Steamer,68,276,7,29,29,3,0.243,0.025362319,0.105072464,0.105072464,0.010869565,0.000880435,0.39,0.31,0.39,-0.15,-0.50,0.12,2,0
818,Jason Giambi,1B/DH,25941,Indians,2014,Steamer,29,120,4,13,13,1,0.219,0.033333333,0.108333333,0.108333333,0.008333333,0.001825,0.93,0.38,0.46,-0.31,-0.49,0.12,1,0
9682,Adam Rosales,2B/3B/SS,30456,Athletics,2014,Steamer,57,227,5,25,24,3,0.245,0.022026432,0.110132159,0.105726872,0.013215859,0.001079295,0.16,0.42,0.40,0.01,-0.50,0.11,1,0
9682,Adam Rosales,2B/3B/SS,30456,Rangers,2014,Steamer,57,227,5,25,24,3,0.245,0.022026432,0.110132159,0.105726872,0.013215859,0.001079295,0.16,0.42,0.40,0.01,-0.50,0.11,1,0
11376,Michael Choice,OF,32822,Athletics,2014,Steamer,31,128,3,16,15,1,0.276,0.0234375,0.125,0.1171875,0.0078125,0.00215625,0.26,0.74,0.65,-0.35,-0.49,0.10,1,0
1551,David Ross,C,28203,Red Sox,2014,Steamer,49,195,5,21,21,2,0.23,0.025641026,0.107692308,0.107692308,0.01025641,0.001179487,0.41,0.37,0.44,-0.19,-0.50,0.10,1,0
6341,Luis Jimenez,3B,32160,Angels,2014,Steamer,8,32,1,4,4,1,0.263,0.03125,0.125,0.125,0.03125,0.00821875,0.78,0.74,0.82,1.19,-0.43,0.10,1,0
447,Melky Mesa,OF,31808,Yankees,2014,Steamer,8,33,1,4,4,1,0.237,0.03030303,0.121212121,0.121212121,0.03030303,0.007181818,0.72,0.66,0.73,1.13,-0.44,0.09,1,0
4293,Brett Hayes,C,30725,Royals,2014,Steamer,24,97,3,10,11,1,0.233,0.030927835,0.103092784,0.113402062,0.010309278,0.002402062,0.76,0.27,0.57,-0.18,-0.49,0.09,1,0
2113,Ryan Doumit,C,29679,Twins,2014,Steamer,69,294,8,31,34,1,0.251,0.027210884,0.105442177,0.115646259,0.003401361,0.000853741,0.51,0.32,0.61,-0.64,-0.50,0.09,1,0
10059,Max Stassi,C/DH,33312,Astros,2014,Steamer,16,67,2,7,8,1,0.243,0.029850746,0.104477612,0.119402985,0.014925373,0.003626866,0.69,0.30,0.70,0.12,-0.47,0.09,1,0
4792,Jeff Francoeur,OF,30689,Royals,2014,Steamer,32,134,3,14,15,2,0.24,0.02238806,0.104477612,0.111940299,0.014925373,0.001791045,0.19,0.30,0.53,0.12,-0.49,0.09,1,0
13510,Jose Ramirez,2B,33864,Indians,2014,Steamer,13,54,0,6,5,3,0.266,0,0.111111111,0.092592593,0.055555556,0.004925926,-1.32,0.44,0.12,2.78,-0.46,0.08,1,0
1609,Omar Infante,2B,29946,Tigers,2014,Steamer,117,484,8,55,52,6,0.295,0.016528926,0.113636364,0.107438017,0.012396694,0.000609504,-0.21,0.50,0.44,-0.05,-0.51,0.08,1,0
9187,Jordan Danks,OF,31631,White Sox,2014,Steamer,24,99,2,11,10,2,0.24,0.02020202,0.111111111,0.101010101,0.02020202,0.002424242,0.04,0.44,0.30,0.46,-0.49,0.08,1,0
7423,Shane Peterson,1B,32184,Athletics,2014,Steamer,8,33,1,4,3,1,0.244,0.03030303,0.121212121,0.090909091,0.03030303,0.007393939,0.72,0.66,0.08,1.13,-0.43,0.07,1,0
4606,Chris Snyder,C,29629,Orioles,2014,Steamer,24,97,3,10,10,1,0.219,0.030927835,0.103092784,0.103092784,0.010309278,0.002257732,0.76,0.27,0.34,-0.18,-0.49,0.07,1,0
5450,Daniel Nava,OF,30369,Red Sox,2014,Steamer,113,487,10,59,51,3,0.27,0.020533881,0.121149897,0.104722793,0.006160164,0.000554415,0.06,0.66,0.38,-0.46,-0.51,0.07,1,0
9700,Casper Wells,OF,31009,Athletics,2014,Steamer,15,61,2,6,6,1,0.227,0.032786885,0.098360656,0.098360656,0.016393443,0.003721311,0.89,0.17,0.24,0.21,-0.47,0.06,1,0
9700,Casper Wells,OF,31009,White Sox,2014,Steamer,15,61,2,6,6,1,0.227,0.032786885,0.098360656,0.098360656,0.016393443,0.003721311,0.89,0.17,0.24,0.21,-0.47,0.06,1,0
5000,Stephen Vogt,C,30987,Athletics,2014,Steamer,52,205,5,23,23,1,0.255,0.024390244,0.112195122,0.112195122,0.004878049,0.001243902,0.32,0.46,0.54,-0.54,-0.50,0.06,1,0
6806,Josmil Pinto,C,32598,Twins,2014,Steamer,81,339,9,37,37,1,0.257,0.026548673,0.109144543,0.109144543,0.002949853,0.000758112,0.47,0.40,0.47,-0.67,-0.51,0.06,1,0
10053,Grant Green,2B,32047,Angels,2014,Steamer,24,96,2,11,11,1,0.276,0.020833333,0.114583333,0.114583333,0.010416667,0.002875,0.08,0.52,0.59,-0.18,-0.48,0.05,1,0
3373,Clete Thomas,OF,30634,Twins,2014,Steamer,8,33,1,3,3,1,0.221,0.03030303,0.090909091,0.090909091,0.03030303,0.00669697,0.72,0.01,0.08,1.13,-0.44,0.05,1,0
9009,Conor Gillaspie,3B,31976,White Sox,2014,Steamer,55,227,6,24,25,1,0.256,0.026431718,0.105726872,0.110132159,0.004405286,0.001127753,0.46,0.33,0.49,-0.57,-0.50,0.05,1,0
2140,Delmon Young,OF,31304,Rays,2014,Steamer,16,68,2,8,8,0,0.261,0.029411765,0.117647059,0.117647059,0,0.003838235,0.66,0.58,0.66,-0.86,-0.47,0.04,0,0
6262,Tommy Field,2B/SS,31830,Angels,2014,Steamer,31,125,3,14,13,1,0.24,0.024,0.112,0.104,0.008,0.00192,0.30,0.46,0.36,-0.34,-0.49,0.04,0,0
6364,Danny Valencia,3B,30944,Orioles,2014,Steamer,32,132,3,14,15,1,0.255,0.022727273,0.106060606,0.113636364,0.007575758,0.001931818,0.21,0.33,0.57,-0.36,-0.49,0.03,0,0
6656,L.J. Hoes,OF,32937,Orioles,2014,Steamer,105,441,5,48,41,10,0.27,0.011337868,0.108843537,0.092970522,0.022675737,0.000612245,-0.56,0.39,0.12,0.63,-0.51,0.03,0,0
6656,L.J. Hoes,OF,32937,Astros,2014,Steamer,105,441,5,48,41,10,0.27,0.011337868,0.108843537,0.092970522,0.022675737,0.000612245,-0.56,0.39,0.12,0.63,-0.51,0.03,0,0
6589,Sean Rodriguez,2B,31163,Rays,2014,Steamer,57,236,5,25,23,3,0.23,0.021186441,0.105932203,0.097457627,0.012711864,0.000974576,0.11,0.33,0.22,-0.03,-0.50,0.03,0,0
3867,Kelly Shoppach,C,29340,Indians,2014,Steamer,32,130,4,12,13,1,0.204,0.030769231,0.092307692,0.1,0.007692308,0.001569231,0.75,0.04,0.28,-0.36,-0.50,0.03,0,0
3867,Kelly Shoppach,C,29340,Mariners,2014,Steamer,32,130,4,12,13,1,0.204,0.030769231,0.092307692,0.1,0.007692308,0.001569231,0.75,0.04,0.28,-0.36,-0.50,0.03,0,0
2554,Chris Parmelee,1B/OF,32197,Twins,2014,Steamer,8,33,1,4,4,0,0.245,0.03030303,0.121212121,0.121212121,0,0.007424242,0.72,0.66,0.73,-0.86,-0.43,0.03,0,0
3388,Chris Getz,2B,30558,Royals,2014,Steamer,16,66,0,7,5,3,0.252,0,0.106060606,0.075757576,0.045454545,0.003818182,-1.32,0.33,-0.25,2.12,-0.47,0.03,0,0
11038,Kevin Kiermaier,OF,32985,Rays,2014,Steamer,32,136,1,14,13,4,0.252,0.007352941,0.102941176,0.095588235,0.029411765,0.001852941,-0.83,0.27,0.18,1.07,-0.49,0.03,0,0
1617,Lyle Overbay,1B,28153,Yankees,2014,Steamer,5,20,1,2,2,0,0.231,0.05,0.1,0.1,0,0.01155,2.05,0.20,0.28,-0.86,-0.39,0.03,0,0
7619,Mark Reynolds,1B/3B,30531,Indians,2014,Steamer,5,20,1,2,2,0,0.222,0.05,0.1,0.1,0,0.0111,2.05,0.20,0.28,-0.86,-0.40,0.03,0,0
7619,Mark Reynolds,1B/3B,30531,Yankees,2014,Steamer,5,20,1,2,2,0,0.222,0.05,0.1,0.1,0,0.0111,2.05,0.20,0.28,-0.86,-0.40,0.03,0,0
6448,Jim Adduci,1B/DH/OF,31182,Rangers,2014,Steamer,5,20,0,2,2,1,0.255,0,0.1,0.1,0.05,0.01275,-1.32,0.20,0.28,2.42,-0.38,0.02,0,0
8272,Matt Tuiasosopo,OF,31542,Tigers,2014,Steamer,6,27,1,3,3,0,0.228,0.037037037,0.111111111,0.111111111,0,0.008444444,1.18,0.44,0.52,-0.86,-0.42,0.02,0,0
5887,John Jaso,C,30578,Athletics,2014,Steamer,89,380,7,45,37,4,0.248,0.018421053,0.118421053,0.097368421,0.010526316,0.000652632,-0.08,0.60,0.22,-0.17,-0.51,0.02,0,0
8434,Brett Wallace,1B,31650,Astros,2014,Steamer,8,34,1,4,4,0,0.251,0.029411765,0.117647059,0.117647059,0,0.007382353,0.66,0.58,0.66,-0.86,-0.43,0.02,0,0
6601,Luke Montz,C/DH,30504,Athletics,2014,Steamer,8,34,1,4,4,0,0.212,0.029411765,0.117647059,0.117647059,0,0.006235294,0.66,0.58,0.66,-0.86,-0.45,0.02,0,0
2225,Jason Bourgeois,OF,29955,Rays,2014,Steamer,3,14,0,1,1,1,0.26,0,0.071428571,0.071428571,0.071428571,0.018571429,-1.32,-0.41,-0.34,3.82,-0.32,0.02,0,0
8631,Cord Phelps,2B/DH,31800,Indians,2014,Steamer,19,81,2,8,8,1,0.237,0.024691358,0.098765432,0.098765432,0.012345679,0.002925926,0.34,0.18,0.25,-0.05,-0.48,0.02,0,0
746,A.J. Pierzynski,C,28124,Rangers,2014,Steamer,81,338,8,36,39,1,0.266,0.023668639,0.106508876,0.115384615,0.00295858,0.000786982,0.27,0.34,0.61,-0.67,-0.51,0.02,0,0
5930,Nick Markakis,OF,30637,Orioles,2014,Steamer,130,581,12,69,61,3,0.278,0.020654045,0.118760757,0.104991394,0.005163511,0.000478485,0.07,0.61,0.38,-0.52,-0.51,0.02,0,0
81,Henry Blanco,C,26174,Blue Jays,2014,Steamer,11,45,1,4,4,1,0.218,0.022222222,0.088888889,0.088888889,0.022222222,0.004844444,0.18,-0.04,0.04,0.60,-0.46,0.01,0,0
81,Henry Blanco,C,26174,Mariners,2014,Steamer,11,45,1,4,4,1,0.218,0.022222222,0.088888889,0.088888889,0.022222222,0.004844444,0.18,-0.04,0.04,0.60,-0.46,0.01,0,0
6402,Brent Morel,3B,31888,White Sox,2014,Steamer,13,52,1,5,5,1,0.231,0.019230769,0.096153846,0.096153846,0.019230769,0.004442308,-0.03,0.12,0.19,0.40,-0.47,0.01,0,0
9345,Brock Holt,2B/3B,32305,Red Sox,2014,Steamer,28,112,1,12,10,3,0.275,0.008928571,0.107142857,0.089285714,0.026785714,0.002455357,-0.72,0.36,0.04,0.90,-0.49,0.01,0,0
3142,Robinson Chirinos,C,30838,Rangers,2014,Steamer,24,99,2,11,10,1,0.235,0.02020202,0.111111111,0.101010101,0.01010101,0.002373737,0.04,0.44,0.30,-0.20,-0.49,0.01,0,0
1861,Wilson Betemit,3B,29892,Orioles,2014,Steamer,16,66,2,7,7,0,0.247,0.03030303,0.106060606,0.106060606,0,0.003742424,0.72,0.33,0.41,-0.86,-0.47,0.01,0,0
5497,Marwin Gonzalez,SS,32581,Astros,2014,Steamer,42,169,2,17,16,4,0.247,0.01183432,0.100591716,0.094674556,0.023668639,0.001461538,-0.53,0.21,0.16,0.69,-0.50,0.01,0,0
1159,Andrew Romine,3B/SS,31405,Angels,2014,Steamer,34,136,1,14,12,4,0.251,0.007352941,0.102941176,0.088235294,0.029411765,0.001845588,-0.83,0.27,0.02,1.07,-0.49,0.00,0,0
5587,Carlos Corporan,C,30688,Astros,2014,Steamer,16,67,2,7,7,0,0.232,0.029850746,0.104477612,0.104477612,0,0.003462687,0.69,0.30,0.37,-0.86,-0.48,0.00,0,0
8145,Eric Fryer,C,31285,Twins,2014,Steamer,2,7,0,1,1,0,0.223,0,0.142857143,0.142857143,0,0.031857143,-1.32,1.13,1.20,-0.86,-0.17,0.00,0,0
5653,Ryan Roberts,2B/3B,29483,Rays,2014,Steamer,13,54,1,5,5,1,0.235,0.018518519,0.092592593,0.092592593,0.018518519,0.004351852,-0.07,0.04,0.12,0.35,-0.47,0.00,0,0
7290,Jake Elmore,SS,31943,Astros,2014,Steamer,8,34,0,4,3,1,0.258,0,0.117647059,0.088235294,0.029411765,0.007588235,-1.32,0.58,0.02,1.07,-0.43,0.00,0,0
1591,Jamey Carroll,2B/3B,27078,Royals,2014,Steamer,0,1,0,0,0,0,0.266,0,0,0,0,0.266,-1.32,-1.95,-1.89,-0.86,2.33,0.00,0,0
1591,Jamey Carroll,2B/3B,27078,Twins,2014,Steamer,0,1,0,0,0,0,0.266,0,0,0,0,0.266,-1.32,-1.95,-1.89,-0.86,2.33,0.00,0,0
9854,Efren Navarro,1B,31546,Angels,2014,Steamer,0,1,0,0,0,0,0.262,0,0,0,0,0.262,-1.32,-1.95,-1.89,-0.86,2.29,0.00,0,0
548,Lance Berkman,1B/OF,27800,Rangers,2014,Steamer,0,1,0,0,0,0,0.259,0,0,0,0,0.259,-1.32,-1.95,-1.89,-0.86,2.25,0.00,0,0
3209,Julio Borbon,OF,31463,Rangers,2014,Steamer,0,1,0,0,0,0,0.258,0,0,0,0,0.258,-1.32,-1.95,-1.89,-0.86,2.24,0.00,0,0
4054,Emilio Bonifacio,2B/OF,31160,Royals,2014,Steamer,0,1,0,0,0,0,0.257,0,0,0,0,0.257,-1.32,-1.95,-1.89,-0.86,2.23,0.00,0,0
941,Miguel Tejada,SS,27174,Royals,2014,Steamer,0,1,0,0,0,0,0.257,0,0,0,0,0.257,-1.32,-1.95,-1.89,-0.86,2.23,0.00,0,0
4054,Emilio Bonifacio,2B/OF,31160,Blue Jays,2014,Steamer,0,1,0,0,0,0,0.257,0,0,0,0,0.257,-1.32,-1.95,-1.89,-0.86,2.23,0.00,0,0
5514,Jesus Montero,C/DH,32840,Mariners,2014,Steamer,0,1,0,0,0,0,0.257,0,0,0,0,0.257,-1.32,-1.95,-1.89,-0.86,2.23,0.00,0,0
2162,Freddy Guzman,OF,29606,Rays,2014,Steamer,0,1,0,0,0,0,0.255,0,0,0,0,0.255,-1.32,-1.95,-1.89,-0.86,2.21,0.00,0,0
914,Brennan Boesch,OF,31149,Yankees,2014,Steamer,0,1,0,0,0,0,0.255,0,0,0,0,0.255,-1.32,-1.95,-1.89,-0.86,2.21,0.00,0,0
7799,Joey Butler,DH/OF,31483,Rangers,2014,Steamer,0,1,0,0,0,0,0.253,0,0,0,0,0.253,-1.32,-1.95,-1.89,-0.86,2.19,0.00,0,0
3492,Angel Sanchez,SS,30579,White Sox,2014,Steamer,0,1,0,0,0,0,0.251,0,0,0,0,0.251,-1.32,-1.95,-1.89,-0.86,2.17,0.00,0,0
5476,Brandon Laird,1B/3B,32031,Astros,2014,Steamer,0,1,0,0,0,0,0.251,0,0,0,0,0.251,-1.32,-1.95,-1.89,-0.86,2.17,0.00,0,0
8175,Chris Nelson,3B,31293,Angels,2014,Steamer,0,1,0,0,0,0,0.25,0,0,0,0,0.25,-1.32,-1.95,-1.89,-0.86,2.16,0.00,0,0
8175,Chris Nelson,3B,31293,Yankees,2014,Steamer,0,1,0,0,0,0,0.25,0,0,0,0,0.25,-1.32,-1.95,-1.89,-0.86,2.16,0.00,0,0
7095,Chris Dickerson,OF,30051,Orioles,2014,Steamer,0,1,0,0,0,0,0.245,0,0,0,0,0.245,-1.32,-1.95,-1.89,-0.86,2.10,0.00,0,0
5219,Wilkin Ramirez,OF,31345,Twins,2014,Steamer,0,1,0,0,0,0,0.244,0,0,0,0,0.244,-1.32,-1.95,-1.89,-0.86,2.09,0.00,0,0
3402,Trevor Crowe,OF,30637,Astros,2014,Steamer,0,1,0,0,0,0,0.244,0,0,0,0,0.244,-1.32,-1.95,-1.89,-0.86,2.09,0.00,0,0
9856,Brandon Snyder,1B/3B,31739,Red Sox,2014,Steamer,0,1,0,0,0,0,0.243,0,0,0,0,0.243,-1.32,-1.95,-1.89,-0.86,2.08,0.00,0,0
9048,Ezequiel Carrera,OF,31939,Indians,2014,Steamer,0,1,0,0,0,0,0.243,0,0,0,0,0.243,-1.32,-1.95,-1.89,-0.86,2.08,0.00,0,0
1274,Alex Rodriguez,3B/SS,27602,Yankees,2014,Steamer,0,1,0,0,0,0,0.243,0,0,0,0,0.243,-1.32,-1.95,-1.89,-0.86,2.08,0.00,0,0
7949,Tim Beckham,2B/SS,32900,Rays,2014,Steamer,0,1,0,0,0,0,0.242,0,0,0,0,0.242,-1.32,-1.95,-1.89,-0.86,2.07,0.00,0,0
5665,Yamaico Navarro,3B/SS,32081,Orioles,2014,Steamer,0,1,0,0,0,0,0.242,0,0,0,0,0.242,-1.32,-1.95,-1.89,-0.86,2.07,0.00,0,0
1417,Ramon Santiago,2B/SS,29098,Tigers,2014,Steamer,0,1,0,0,0,0,0.242,0,0,0,0,0.242,-1.32,-1.95,-1.89,-0.86,2.07,0.00,0,0
3188,Luis Cruz,3B/SS,30722,Yankees,2014,Steamer,0,1,0,0,0,0,0.241,0,0,0,0,0.241,-1.32,-1.95,-1.89,-0.86,2.06,0.00,0,0
4793,Travis Ishikawa,1B,30583,Orioles,2014,Steamer,0,1,0,0,0,0,0.24,0,0,0,0,0.24,-1.32,-1.95,-1.89,-0.86,2.05,0.00,0,0
4793,Travis Ishikawa,1B,30583,Yankees,2014,Steamer,0,1,0,0,0,0,0.24,0,0,0,0,0.24,-1.32,-1.95,-1.89,-0.86,2.05,0.00,0,0
4748,Matt Carson,OF,29768,Indians,2014,Steamer,0,1,0,0,0,0,0.239,0,0,0,0,0.239,-1.32,-1.95,-1.89,-0.86,2.04,0.00,0,0
3469,Luke Scott,DH/OF,28666,Rays,2014,Steamer,0,1,0,0,0,0,0.238,0,0,0,0,0.238,-1.32,-1.95,-1.89,-0.86,2.03,0.00,0,0
5248,Alexi Casilla,2B,30883,Orioles,2014,Steamer,0,1,0,0,0,0,0.238,0,0,0,0,0.238,-1.32,-1.95,-1.89,-0.86,2.03,0.00,0,0
1554,DeWayne Wise,OF,28545,White Sox,2014,Steamer,0,1,0,0,0,0,0.238,0,0,0,0,0.238,-1.32,-1.95,-1.89,-0.86,2.03,0.00,0,0
395,John McDonald,SS,27296,Red Sox,2014,Steamer,0,1,0,0,0,0,0.237,0,0,0,0,0.237,-1.32,-1.95,-1.89,-0.86,2.02,0.00,0,0
395,John McDonald,SS,27296,Indians,2014,Steamer,0,1,0,0,0,0,0.237,0,0,0,0,0.237,-1.32,-1.95,-1.89,-0.86,2.02,0.00,0,0
6444,Andy LaRoche,3B,30572,Blue Jays,2014,Steamer,0,1,0,0,0,0,0.236,0,0,0,0,0.236,-1.32,-1.95,-1.89,-0.86,2.01,0.00,0,0
8254,Sam Fuld,OF,29910,Rays,2014,Steamer,0,1,0,0,0,0,0.234,0,0,0,0,0.234,-1.32,-1.95,-1.89,-0.86,1.99,0.00,0,0
1392,Mark DeRosa,2B/3B,27451,Blue Jays,2014,Steamer,0,1,0,0,0,0,0.234,0,0,0,0,0.234,-1.32,-1.95,-1.89,-0.86,1.99,0.00,0,0
4675,Tyler Greene,2B/SS,30545,White Sox,2014,Steamer,0,1,0,0,0,0,0.234,0,0,0,0,0.234,-1.32,-1.95,-1.89,-0.86,1.99,0.00,0,0
173,Scott Cousins,OF,31069,Angels,2014,Steamer,0,1,0,0,0,0,0.232,0,0,0,0,0.232,-1.32,-1.95,-1.89,-0.86,1.97,0.00,0,0
8810,Blake Tekotte,OF,31921,White Sox,2014,Steamer,0,1,0,0,0,0,0.232,0,0,0,0,0.232,-1.32,-1.95,-1.89,-0.86,1.97,0.00,0,0
4142,Jonathan Diaz,2B/3B,31147,Red Sox,2014,Steamer,0,1,0,0,0,0,0.231,0,0,0,0,0.231,-1.32,-1.95,-1.89,-0.86,1.96,0.00,0,0
1885,Brad Hawpe,OF,29028,Angels,2014,Steamer,0,1,0,0,0,0,0.231,0,0,0,0,0.231,-1.32,-1.95,-1.89,-0.86,1.96,0.00,0,0
2172,Hector Gimenez,C,30222,White Sox,2014,Steamer,0,1,0,0,0,0,0.231,0,0,0,0,0.231,-1.32,-1.95,-1.89,-0.86,1.96,0.00,0,0
2167,Dan Johnson,1B,29077,Orioles,2014,Steamer,0,1,0,0,0,0,0.23,0,0,0,0,0.23,-1.32,-1.95,-1.89,-0.86,1.94,0.00,0,0
4751,Elliot Johnson,2B/SS,30750,Royals,2014,Steamer,0,1,0,0,0,0,0.23,0,0,0,0,0.23,-1.32,-1.95,-1.89,-0.86,1.94,0.00,0,0
4049,Miguel Gonzalez,C,33210,White Sox,2014,Steamer,0,1,0,0,0,0,0.23,0,0,0,0,0.23,-1.32,-1.95,-1.89,-0.86,1.94,0.00,0,0
3583,Omir Santos,C,29705,Indians,2014,Steamer,0,1,0,0,0,0,0.229,0,0,0,0,0.229,-1.32,-1.95,-1.89,-0.86,1.93,0.00,0,0
4518,Doug Bernier,SS,29396,Twins,2014,Steamer,0,1,0,0,0,0,0.229,0,0,0,0,0.229,-1.32,-1.95,-1.89,-0.86,1.93,0.00,0,0
3255,Franklin Gutierrez,OF,30368,Mariners,2014,Steamer,0,1,0,0,0,0,0.229,0,0,0,0,0.229,-1.32,-1.95,-1.89,-0.86,1.93,0.00,0,0
4906,Alberto Gonzalez,2B/SS,30424,Yankees,2014,Steamer,0,1,0,0,0,0,0.228,0,0,0,0,0.228,-1.32,-1.95,-1.89,-0.86,1.92,0.00,0,0
5411,Alex Liddi,3B,32369,Mariners,2014,Steamer,0,1,0,0,0,0,0.228,0,0,0,0,0.228,-1.32,-1.95,-1.89,-0.86,1.92,0.00,0,0
7324,Chris Gimenez,C,30312,Rays,2014,Steamer,0,1,0,0,0,0,0.226,0,0,0,0,0.226,-1.32,-1.95,-1.89,-0.86,1.90,0.00,0,0
198,Danny Worth,2B,31320,Tigers,2014,Steamer,0,1,0,0,0,0,0.223,0,0,0,0,0.223,-1.32,-1.95,-1.89,-0.86,1.87,0.00,0,0
9362,Adam Moore,C,30810,Royals,2014,Steamer,0,1,0,0,0,0,0.222,0,0,0,0,0.222,-1.32,-1.95,-1.89,-0.86,1.86,0.00,0,0
3790,Jayson Nix,2B/3B,30189,Yankees,2014,Steamer,0,1,0,0,0,0,0.22,0,0,0,0,0.22,-1.32,-1.95,-1.89,-0.86,1.84,0.00,0,0
1717,Jason Bay,OF,28753,Mariners,2014,Steamer,0,1,0,0,0,0,0.219,0,0,0,0,0.219,-1.32,-1.95,-1.89,-0.86,1.83,0.00,0,0
98,Ryan Langerhans,OF,29271,Blue Jays,2014,Steamer,0,1,0,0,0,0,0.217,0,0,0,0,0.217,-1.32,-1.95,-1.89,-0.86,1.81,0.00,0,0
6046,Matt Pagnozzi,C,30265,Astros,2014,Steamer,0,1,0,0,0,0,0.217,0,0,0,0,0.217,-1.32,-1.95,-1.89,-0.86,1.81,0.00,0,0
7610,Lou Marson,C,31589,Indians,2014,Steamer,0,1,0,0,0,0,0.216,0,0,0,0,0.216,-1.32,-1.95,-1.89,-0.86,1.79,0.00,0,0
3620,Shelley Duncan,DH/OF,29127,Rays,2014,Steamer,0,1,0,0,0,0,0.215,0,0,0,0,0.215,-1.32,-1.95,-1.89,-0.86,1.78,0.00,0,0
1142,Rick Ankiel,OF,29055,Astros,2014,Steamer,0,1,0,0,0,0,0.212,0,0,0,0,0.212,-1.32,-1.95,-1.89,-0.86,1.75,0.00,0,0
934,Carlos Pena,1B,28627,Royals,2014,Steamer,0,1,0,0,0,0,0.21,0,0,0,0,0.21,-1.32,-1.95,-1.89,-0.86,1.73,0.00,0,0
7419,Mike Nickeas,C,30360,Blue Jays,2014,Steamer,0,1,0,0,0,0,0.21,0,0,0,0,0.21,-1.32,-1.95,-1.89,-0.86,1.73,0.00,0,0
9442,Brandon Bantz,C,31784,Mariners,2014,Steamer,0,1,0,0,0,0,0.21,0,0,0,0,0.21,-1.32,-1.95,-1.89,-0.86,1.73,0.00,0,0
934,Carlos Pena,1B,28627,Astros,2014,Steamer,0,1,0,0,0,0,0.21,0,0,0,0,0.21,-1.32,-1.95,-1.89,-0.86,1.73,0.00,0,0
9871,Bryan Anderson,C,31762,White Sox,2014,Steamer,16,65,1,7,6,1,0.227,0.015384615,0.107692308,0.092307692,0.015384615,0.003492308,-0.29,0.37,0.11,0.15,-0.48,-0.01,0,0
1824,Humberto Quintero,C,29069,Mariners,2014,Steamer,8,32,1,3,3,0,0.226,0.03125,0.09375,0.09375,0,0.0070625,0.78,0.07,0.14,-0.86,-0.44,-0.01,0,0
877,John Hester,C,30573,Angels,2014,Steamer,8,32,1,3,3,0,0.219,0.03125,0.09375,0.09375,0,0.00684375,0.78,0.07,0.14,-0.86,-0.44,-0.01,0,0
1825,David DeJesus,OF,29209,Rays,2014,Steamer,105,472,8,56,43,6,0.249,0.016949153,0.118644068,0.091101695,0.012711864,0.000527542,-0.18,0.60,0.08,-0.03,-0.51,-0.01,0,0
2216,Don Kelly,OF,29266,Tigers,2014,Steamer,57,236,5,25,24,2,0.24,0.021186441,0.105932203,0.101694915,0.008474576,0.001016949,0.11,0.33,0.31,-0.30,-0.50,-0.01,0,0
7389,David Adams,3B,31912,Yankees,2014,Steamer,11,46,1,5,5,0,0.251,0.02173913,0.108695652,0.108695652,0,0.005456522,0.14,0.39,0.46,-0.86,-0.46,-0.02,0,0
9542,Steve Clevenger,C,31507,Orioles,2014,Steamer,8,33,1,3,3,0,0.251,0.03030303,0.090909091,0.090909091,0,0.007606061,0.72,0.01,0.08,-0.86,-0.43,-0.02,0,0
8879,Ryan Lavarnway,C/DH,31996,Red Sox,2014,Steamer,13,53,1,6,6,0,0.253,0.018867925,0.113207547,0.113207547,0,0.004773585,-0.05,0.49,0.56,-0.86,-0.46,-0.02,0,0
5751,Hernan Perez,2B,33323,Tigers,2014,Steamer,8,33,0,3,3,1,0.25,0,0.090909091,0.090909091,0.03030303,0.007575758,-1.32,0.01,0.08,1.13,-0.43,-0.02,0,0
9423,Chris McGuiness,1B,32244,Rangers,2014,Steamer,40,165,4,16,17,1,0.23,0.024242424,0.096969697,0.103030303,0.006060606,0.001393939,0.31,0.14,0.34,-0.46,-0.50,-0.03,0,0
4556,James Loney,1B,30809,Rays,2014,Steamer,128,536,11,58,59,3,0.271,0.020522388,0.108208955,0.110074627,0.005597015,0.000505597,0.06,0.38,0.49,-0.49,-0.51,-0.04,0,0
6165,Irving Falu,2B,30473,Royals,2014,Steamer,3,13,0,1,1,0,0.258,0,0.076923077,0.076923077,0,0.019846154,-1.32,-0.30,-0.22,-0.86,-0.30,-0.04,0,0
6740,Johnny Giavotella,2B,31968,Royals,2014,Steamer,28,113,1,12,11,2,0.276,0.008849558,0.10619469,0.097345133,0.017699115,0.002442478,-0.73,0.34,0.22,0.30,-0.49,-0.04,-1,0
10346,J.R. Murphy,C,33371,Yankees,2014,Steamer,5,20,0,2,2,0,0.24,0,0.1,0.1,0,0.012,-1.32,0.20,0.28,-0.86,-0.39,-0.04,-1,0
4900,Robert Andino,2B/SS,30797,Mariners,2014,Steamer,5,20,0,2,2,0,0.234,0,0.1,0.1,0,0.0117,-1.32,0.20,0.28,-0.86,-0.39,-0.04,-1,0
2178,Brendan Harris,SS,29459,Angels,2014,Steamer,5,20,0,2,2,0,0.226,0,0.1,0.1,0,0.0113,-1.32,0.20,0.28,-0.86,-0.39,-0.04,-1,0
9461,Thomas Neal,OF,32006,Yankees,2014,Steamer,3,14,0,1,1,0,0.269,0,0.071428571,0.071428571,0,0.019214286,-1.32,-0.41,-0.34,-0.86,-0.31,-0.05,-1,0
5928,Daric Barton,1B,31275,Athletics,2014,Steamer,65,268,5,31,26,2,0.254,0.018656716,0.115671642,0.097014925,0.007462687,0.000947761,-0.07,0.54,0.21,-0.37,-0.50,-0.05,-1,0
2498,Jemile Weeks,2B,31803,Athletics,2014,Steamer,49,218,2,25,17,5,0.257,0.009174312,0.114678899,0.077981651,0.02293578,0.001178899,-0.71,0.52,-0.20,0.64,-0.50,-0.05,-1,0
3878,Chris Stewart,C,30001,Yankees,2014,Steamer,32,126,2,12,11,2,0.23,0.015873016,0.095238095,0.087301587,0.015873016,0.001825397,-0.25,0.10,0.00,0.18,-0.49,-0.06,-1,0
5503,Corban Joseph,1B/2B,32444,Yankees,2014,Steamer,16,67,1,7,7,0,0.252,0.014925373,0.104477612,0.104477612,0,0.003761194,-0.32,0.30,0.37,-0.86,-0.47,-0.07,-1,0
9689,Josh Thole,C,31713,Blue Jays,2014,Steamer,8,32,0,3,3,0,0.245,0,0.09375,0.09375,0,0.00765625,-1.32,0.07,0.14,-0.86,-0.43,-0.08,-1,0
3972,Andy Parrino,2B/SS,31351,Athletics,2014,Steamer,8,32,0,3,3,0,0.227,0,0.09375,0.09375,0,0.00709375,-1.32,0.07,0.14,-0.86,-0.44,-0.08,-1,0
3411,Drew Butera,C,30537,Twins,2014,Steamer,8,32,0,3,3,0,0.2,0,0.09375,0.09375,0,0.00625,-1.32,0.07,0.14,-0.86,-0.45,-0.08,-1,0
13047,Munenori Kawasaki,SS,29740,Blue Jays,2014,Steamer,40,162,1,17,13,4,0.237,0.00617284,0.104938272,0.080246914,0.024691358,0.001462963,-0.91,0.31,-0.15,0.76,-0.50,-0.08,-1,0
193,Carlos Triunfel,SS,32931,Mariners,2014,Steamer,6,26,0,2,2,0,0.244,0,0.076923077,0.076923077,0,0.009384615,-1.32,-0.30,-0.22,-0.86,-0.41,-0.08,-1,0
8259,Kurt Suzuki,C,30593,Athletics,2014,Steamer,73,290,6,29,30,2,0.244,0.020689655,0.1,0.103448276,0.006896552,0.000841379,0.07,0.20,0.35,-0.41,-0.50,-0.08,-1,0
5942,Jesus Sucre,C,32263,Mariners,2014,Steamer,8,33,0,3,3,0,0.241,0,0.090909091,0.090909091,0,0.00730303,-1.32,0.01,0.08,-0.86,-0.44,-0.08,-1,0
4251,Stephen Drew,SS,30391,Red Sox,2014,Steamer,138,565,12,58,56,5,0.232,0.021238938,0.102654867,0.099115044,0.008849558,0.000410619,0.11,0.26,0.26,-0.28,-0.51,-0.09,-1,0
7331,Seth Smith,OF,30224,Athletics,2014,Steamer,69,292,7,30,29,1,0.234,0.023972603,0.102739726,0.099315068,0.003424658,0.00080137,0.29,0.26,0.26,-0.64,-0.51,-0.10,-1,0
5275,Francisco Cervelli,C,31477,Yankees,2014,Steamer,24,98,1,10,9,1,0.242,0.010204082,0.102040816,0.091836735,0.010204082,0.002469388,-0.64,0.25,0.10,-0.19,-0.49,-0.10,-1,0
1738,Jhonny Peralta,SS,30099,Tigers,2014,Steamer,130,530,11,52,57,4,0.263,0.020754717,0.098113208,0.10754717,0.00754717,0.000496226,0.08,0.16,0.44,-0.37,-0.51,-0.10,-1,0
11287,Bryan Holaday,C,32100,Tigers,2014,Steamer,49,195,3,19,19,2,0.238,0.015384615,0.097435897,0.097435897,0.01025641,0.001220513,-0.29,0.15,0.22,-0.19,-0.50,-0.12,-1,0
6153,Eduardo Escobar,3B/SS,32513,Twins,2014,Steamer,65,264,3,26,23,5,0.245,0.011363636,0.098484848,0.087121212,0.018939394,0.00092803,-0.56,0.17,0.00,0.38,-0.50,-0.14,-2,0
3231,Brayan Pena,C,29958,Tigers,2014,Steamer,57,225,4,20,23,2,0.258,0.017777778,0.088888889,0.102222222,0.008888889,0.001146667,-0.12,-0.04,0.32,-0.28,-0.50,-0.14,-2,0
6677,J.B. Shuck,OF,31946,Angels,2014,Steamer,81,347,2,39,28,8,0.276,0.005763689,0.112391931,0.080691643,0.023054755,0.000795389,-0.94,0.47,-0.14,0.65,-0.51,-0.16,-2,0
10231,Jose Iglesias,3B/SS,32878,Red Sox,2014,Steamer,146,568,6,57,52,12,0.257,0.01056338,0.100352113,0.091549296,0.021126761,0.000452465,-0.61,0.21,0.09,0.52,-0.51,-0.17,-2,0
10231,Jose Iglesias,3B/SS,32878,Tigers,2014,Steamer,146,568,6,57,52,12,0.257,0.01056338,0.100352113,0.091549296,0.021126761,0.000452465,-0.61,0.21,0.09,0.52,-0.51,-0.17,-2,0
9284,Chris Herrmann,C/OF,32105,Twins,2014,Steamer,40,170,2,16,15,2,0.223,0.011764706,0.094117647,0.088235294,0.011764706,0.001311765,-0.53,0.08,0.02,-0.09,-0.50,-0.17,-2,0
3856,Jeff Keppinger,2B,29332,White Sox,2014,Steamer,49,206,3,21,20,1,0.271,0.014563107,0.101941748,0.097087379,0.004854369,0.001315534,-0.34,0.24,0.21,-0.54,-0.50,-0.19,-2,0
10099,Dustin Ackley,2B,32199,Mariners,2014,Steamer,131,560,9,62,52,6,0.25,0.016071429,0.110714286,0.092857143,0.010714286,0.000446429,-0.24,0.43,0.12,-0.16,-0.51,-0.20,-2,0
4243,Jose Lobaton,C,30976,Rays,2014,Steamer,45,179,3,16,16,1,0.228,0.016759777,0.089385475,0.089385475,0.005586592,0.001273743,-0.19,-0.03,0.05,-0.49,-0.50,-0.21,-3,0
25,Jose Molina,C,27548,Rays,2014,Steamer,73,286,4,27,26,3,0.23,0.013986014,0.094405594,0.090909091,0.01048951,0.000804196,-0.38,0.08,0.08,-0.17,-0.51,-0.26,-3,0
9807,Ryan Goins,2B,32186,Blue Jays,2014,Steamer,57,234,2,22,21,3,0.24,0.008547009,0.094017094,0.08974359,0.012820513,0.001025641,-0.75,0.07,0.05,-0.02,-0.50,-0.27,-3,0
3336,Alberto Callaspo,2B/3B,30425,Athletics,2014,Steamer,97,402,7,42,39,2,0.256,0.017412935,0.104477612,0.097014925,0.004975124,0.000636816,-0.15,0.30,0.21,-0.53,-0.51,-0.27,-3,0
3336,Alberto Callaspo,2B/3B,30425,Angels,2014,Steamer,97,402,7,42,39,2,0.256,0.017412935,0.104477612,0.097014925,0.004975124,0.000636816,-0.15,0.30,0.21,-0.53,-0.51,-0.27,-3,0
6073,Brendan Ryan,SS,30036,Yankees,2014,Steamer,81,320,3,30,25,6,0.221,0.009375,0.09375,0.078125,0.01875,0.000690625,-0.69,0.07,-0.20,0.37,-0.51,-0.31,-4,0
6073,Brendan Ryan,SS,30036,Mariners,2014,Steamer,81,320,3,30,25,6,0.221,0.009375,0.09375,0.078125,0.01875,0.000690625,-0.69,0.07,-0.20,0.37,-0.51,-0.31,-4,0
4191,Yunel Escobar,SS,30257,Rays,2014,Steamer,122,507,7,54,47,5,0.258,0.013806706,0.106508876,0.09270217,0.009861933,0.000508876,-0.39,0.34,0.12,-0.21,-0.51,-0.33,-4,0
